24-Stunden-BetreuerIn;/berufe/3045-24-Stunden-BetreuerIn/
3D-DesignerIn;/berufe/3049-3D-DesignerIn/
AbfallbeauftragteR;/berufe/3866-AbfallbeauftragteR/
AbfallberaterIn;/berufe/3200-AbfallberaterIn/
AbfallwirtschaftstechnikerIn;/berufe/2147-AbfallwirtschaftstechnikerIn/
AbnahmetechnikerIn;/berufe/3696-AbnahmetechnikerIn/
AbwassertechnikerIn;/berufe/3818-Entsorgungsfachkraft_fuer_Abwassertechnik/
Aerobic-TrainerIn;/berufe/2814-Aerobic-TrainerIn/
AfrikanistIn;/berufe/2963-AfrikanistIn/
AgrarberaterIn;/berufe/1934-AgrarberaterIn/
Agrarbiologe/-biologin;/berufe/2987-Agrarbiologe~Agrarbiologin/
Agrarkaufmann/Agrarkauffrau;/berufe/1935-Agrarkaufmann~Agrarkauffrau/
AgrarmanagerIn;/berufe/3835-AgrarmanagerIn/
AgrarökonomIn;/berufe/2593-AgraroekonomIn/
Ägyptologe/Ägyptologin;/berufe/2297-Aegyptologe~Aegyptologin/
AktuarIn;/berufe/2468-AktuarIn/
AkustikerIn;/berufe/3050-AkustikerIn/
AkustikphysikerIn;/berufe/3051-AkustikphysikerIn/
Altsemitischer Philologe/Philologin;/berufe/2298-AltsemitischeR-Philologe~Philologin-OrientalistischeR-Archaeologe~Archaeologin/
AltwarenhändlerIn;/berufe/3219-AltwarenhaendlerIn/
AmtlicheR FachassistentIn bei der Schlachttier- und Fleischuntersuchung;/berufe/3332-AmtlicheR-FachassistentIn-Schlachttieruntersuchung-Fleischuntersuchung/
AnalystIn;/berufe/1648-AnalystIn/
ÄnderungsschneiderIn;/berufe/3690-AenderungsschneiderIn/
AnglistIn, AmerikanistIn;/berufe/2299-AnglistIn-AmerikanistIn/
AnimateurIn;/berufe/2773-AnimateurIn/
AnimationsdesignerIn;/berufe/3703-AnimationsdesignerIn/
AnlageberaterIn;/berufe/3011-AnlageberaterIn/
AnlagenbautechnikerIn;/berufe/1973-AnlagenbautechnikerIn/
AntriebstechnikerIn;/berufe/1830-AntriebstechnikerIn/
Anwalt/Anwältin - Schwerpunkt Arbeitsrecht;/berufe/3116-Anwalt~Anwaeltin_Arbeitsrecht/
Anwalt/Anwältin - Schwerpunkt Bankrecht und Finanzierung;/berufe/2527-Anwalt~Anwaeltin-Bankrecht-Finanzierung/
Anwalt/Anwältin - Schwerpunkt Europarecht;/berufe/2522-Anwalt~Anwltin-Europarecht/
Anwalt/Anwältin - Schwerpunkt Internationales Recht;/berufe/2524-Anwalt~Anwaeltin-Internationales-Recht/
Anwalt/Anwältin - Schwerpunkt Wirtschaftsrecht;/berufe/2525-Anwalt~Anwaeltin-Wirtschaftsrecht/
AnwendungsbetreuerIn;/berufe/3649-AnwendungsbetreuerIn/
AnwendungstechnikerIn;/berufe/2581-AnwendungstechnikerIn/
AnzeigenverkäuferIn;/berufe/2838-AnzeigenverkaeuferIn/
ApothekerIn;/berufe/2478-ApothekerIn/
App-DeveloperIn;/berufe/3276-App-Developer/
ApparatebautechnikerIn;/berufe/1797-ApparatebautechnikerIn/
ApplikationsentwicklerIn - Coding;/berufe/3500-Applikationsentwicklung-Coding/
ArabistIn;/berufe/2300-ArabistIn/
Arbeits- und Organisationspsychologe/Arbeits- und Organisationspsychologin;/berufe/3052-Arbeits-und-Organisationpsychologe~Arbeits-und-Organisationpsychologin/
ArbeitsmedizinischeR AssistentIn;/berufe/3782-ArbeitsmedizinischeR_AssistentIn/
ArbeitstechnikerIn;/berufe/2095-ArbeitstechnikerIn/
ArbeitsvorbereiterIn;/berufe/2096-ArbeitsvorbereiterIn/
Archäologe/Archäologin;/berufe/2222-Archaeologe~Archaeologin/
Archäologe/Archäologin - Mykenologie;/berufe/2224-Archaeologe~Archaeologin-Mykenologie/
Archäologe/Archäologin - Ur- und Frühgeschichte;/berufe/2223-Archaeologe~Archaeologin-Urgeschichte-Fruehgeschichte/
ArchitektIn;/berufe/2321-ArchitektIn/
Archiv-, Bibliotheks- und InformationsassistentIn;/berufe/263-ArchivassistentIn-BibliotheksassistentIn-InformationsassistentIn/
ArchivarbeiterIn;/berufe/2839-ArchivarbeiterIn/
ArchivarIn;/berufe/2446-ArchivarIn/
Area ManagerIn;/berufe/2502-Area-ManagerIn/
Art Buyer (m/w);/berufe/3053-Art-Buyer/
Art Director;/berufe/2352-Art-Director/
Art Director (m/w);/berufe/2177-Creative-Director/
ArtistIn;/berufe/2928-ArtistIn/
Arzt/Ärztin für Allgemeinmedizin;/berufe/2383-Arzt~Aerztin-Allgemeinmedizin/
AsphaltiererIn;/berufe/2757-AsphaltiererIn/
AssistentIn in der Sicherheitsverwaltung;/berufe/3537-AssistentIn_in_der_Sicherheitsverwaltung/
AstronomIn;/berufe/2609-AstronomIn/
AstrophysikerIn;/berufe/2613-AstrophysikerIn/
AtomphysikerIn;/berufe/3009-AtomphysikerIn/
AuditorIn;/berufe/3534-AuditorIn/
AufnahmeleiterIn;/berufe/3054-AufnahmeleiterIn/
AuftragssachbearbeiterIn;/berufe/1689-AuftragssachbearbeiterIn/
AugenoptikerIn;/berufe/152-AugenoptikerIn/
AuktionatorIn;/berufe/2929-AuktionatorIn/
AuslandskorrespondentIn;/berufe/2960-AuslandskorrespondentIn/
AutobusfahrerIn;/berufe/3629-AutobusfahrerIn/
AutomatisierungstechnikerIn;/berufe/2669-AutomatisierungstechnikerIn/
Automotive Computing Engineer (m/w);/berufe/3667-Automotive-Computing-Engineer-%28m-w%29/
Automotive Mechatronics Engineer (m/w);/berufe/3689-Automotive_Mechatronics_Engineer/
AutorIn;/berufe/3220-AutorIn/
BäckerIn;/berufe/2-BaeckerIn/
Backtechnologe/-technologin;/berufe/3507-Backtechnologe~Backtechnologin/
BadewärterIn;/berufe/3255-BadewaerterIn/
Bahn- und GleisarbeiterIn;/berufe/2933-BahnarbeiterIn-GleisarbeiterIn/
BallettmeisterIn;/berufe/3056-BallettmeisterIn/
BankangestellteR - Back-Office;/berufe/1649-BankangestellteR_-_Back-Office/
BankangestellteR - Front-Office;/berufe/1653-BankangestellteR_-_Front-Office/
BankangestellteR - internationales Bankwesen;/berufe/1647-BankangestellteR_-_internationales_Bankwesen/
BankettmanagerIn;/berufe/1863-BankettmanagerIn/
Bankkaufmann/-frau;/berufe/1650-Bankkaufmann~Bankkauffrau/
BankrevisorIn;/berufe/3013-BankrevisorIn/
Barista (m/w);/berufe/3314-Barista/
BarmixerIn;/berufe/2774-BarmixerIn/
BauabrechnungstechnikerIn;/berufe/1680-BauabrechnungstechnikerIn/
Baubiologe/-biologin;/berufe/3057-Baubiologe~Baubiologin/
BauhelferIn;/berufe/3621-BauhelferIn/
BauinformatikerIn;/berufe/2986-BauinformatikerIn/
BauingenieurIn - Kraftwerksbau;/berufe/3344-BauingenieurIn-Kraftwerksbau/
BauingenieurIn - Spezialtiefbau;/berufe/3345-BauingenieurIn-Spezialtiefbau/
BauingenieurIn im Bergbau;/berufe/2699-BauingenieurIn-Bergbau/
Baukaufmann/-frau;/berufe/1661-Baukaufmann~Baukauffrau/
BauleiterIn;/berufe/1667-BauleiterIn/
BaumaschinistIn;/berufe/2758-BaumaschinistIn/
BaumeisterIn;/berufe/3802-BaumeisterIn/
BaumpflegerIn;/berufe/3557-BaumpflegerIn/
BaumschulgärtnerIn;/berufe/1859-BaumschulgaertnerIn/
BaupolierIn;/berufe/3622-BaupolierIn/
BauspenglerIn;/berufe/3589-BauspenglerIn/
BaustatikerIn;/berufe/3593-BaustatikerIn/
BaustellenkoordinatorIn;/berufe/3594-BaustellenkoordinatorIn/
BaustofftechnikerIn;/berufe/3060-BaustofftechnikerIn/
BautechnikerIn;/berufe/2540-BautechnikerIn/
BautechnikerIn - Bauphysik;/berufe/2538-BautechnikerIn-Bauphysik/
BautechnikerIn - Hochbau;/berufe/2536-BautechnikerIn-Hochbau/
BautechnikerIn für Sanierungstechnik;/berufe/2537-BautechnikerIn-Sanierungstechnik/
Bautechnisch(er/e) AssistentIn;/berufe/3488-BauechnischeR_AssistentIn/
Bautechnisch(er/e) ZeichnerIn;/berufe/5-BautechnischeR-ZeichnerIn/
BautechnischeR ZeichnerIn;/berufe/1666-BautechnischeR_ZeichnerIn/
BauwerksabdichtungstechnikerIn;/berufe/3508-BauwerksabdichtungstechnikerIn/
Beamter/Beamtin im Kriminaldienst;/berufe/2893-Beamter~Beamte-im-Kriminaldienst/
BekleidungsfertigerIn;/berufe/6-BekleidungsfertigerIn/
BekleidungsgestalterIn - Hauptmodul Damenbekleidung;/berufe/3382-BekleidungsgestalterIn-Hauptmodul_Damenbekleidung/
BekleidungsgestalterIn - Hauptmodul Herrenbekleidung;/berufe/3383-BekleidungsgestalterIn-Hauptmodul_Herrenbekleidung/
BekleidungsgestalterIn - Hauptmodul KürschnerIn und SäcklerIn;/berufe/3384-BekleidungsgestalterIn-Hauptmodul_KuerschnerIn_und_SaecklerIn/
BekleidungsgestalterIn - Hauptmodul ModistIn und HutmacherIn;/berufe/3385-BekleidungsgestalterIn-Hauptmodul_ModistIn_und_HutmacherIn/
BekleidungsgestalterIn - Hauptmodul Wäschewarenerzeugung;/berufe/3386-BekleidungsgestalterIn-Hauptmodul_Waeschewarenerzeugung/
BekleidungstechnikerIn;/berufe/3061-BekleidungstechnikerIn/
BeleuchterIn;/berufe/3062-BeleuchterIn/
Berg- und SkiführerIn;/berufe/2815-Berg-undSchifuehrerIn/
BergbautechnikerIn;/berufe/2697-BergbautechnikerIn/
BergbautechnikerIn im Öffentlichen Dienst;/berufe/2702-BergbautechnikerIn-Oeffentlicher-Dienst/
Berufs- und BildungsberaterIn;/berufe/3522-BerufsberaterIn/
Berufsfeuerwehrmann/-frau;/berufe/2887-Berufsfeuerwehrmann~Berufsfeuerwehrfrau/
BerufsfotografIn;/berufe/3272-BerufsfotografIn/
BerufsjägerIn;/berufe/1857-JaegerIn/
BerufskraftfahrerIn - Schwerpunkt Güterbeförderung;/berufe/3387-BerufskraftfahrerIn-Schwerpunkt_Gueterbefoerderung/
BerufskraftfahrerIn - Schwerpunkt Personenbeförderung;/berufe/3388-BerufskraftfahrerIn-Schwerpunkt_Personenbefoerderung/
BerufsoffizierIn;/berufe/2981-BerufsoffizierIn/
BerufssoldatIn;/berufe/3762-BerufssoldatIn/
BeschaffungsmanagerIn;/berufe/2523-BeschaffungsmanagerIn/
BeschließerIn;/berufe/2775-BeschliesserIn/
BeschriftungsdesignerIn und WerbetechnikerIn;/berufe/3478-BeschriftungsdesignerIn_und_WerbetechnikerIn/
BestatterIn;/berufe/2786-BestatterIn/
BetonbauerIn;/berufe/3513-BetonbauerIn/
BetonbauspezialistIn - Schwerpunkt Konstruktiver Betonbau;/berufe/3514-BetonbauspezialistIn-Schwerpunkt_Konstruktiver_Betonbau/
BetonbauspezialistIn - Schwerpunkt Stahlbetonhochbau;/berufe/3515-BetonbauspezialistIn-Schwerpunkt_Stahlbetonhochbau/
BetonfertigteiltechnikerIn;/berufe/3630-BetonfertigteiltechnikerIn/
BetrieblicheR UmweltbeauftragteR;/berufe/2148-BetrieblicheR-UmweltbeauftragteR/
Betriebs- und UnternehmensberaterIn;/berufe/2565-BetriebsberaterIn-UnternehmensberaterIn/
Betriebs- und UnternehmensberaterIn im Bereich Marketing;/berufe/2566-BetriebsberaterIn-Marketing_UnternehmensberaterIn-Marketing/
Betriebs- und UnternehmensberaterIn im Bereich Organisationsentwicklung;/berufe/3015-BetriebsberaterIn-Organisationsentwicklung_UnternehmensberaterIn-Organisationsentwicklung/
BetriebsassistentIn;/berufe/1691-BetriebsassistentIn/
BetriebsdienstleisterIn;/berufe/3578-Betriebsdienstleister_in/
BetriebselektrikerIn;/berufe/1974-BetriebselektrikerIn/
BetriebsleiterIn;/berufe/1711-BetriebsleiterIn/
Betriebslogistikkaufmann/-frau;/berufe/3545-Betriebslogistikkaufmann~Betriebslogistikkauffrau/
Betriebspädagoge/Betriebspädagogin;/berufe/2258-Betriebspdagoge~Betriebspdagogin/
BetriebsprüferIn;/berufe/3779-BetriebsprueferIn/
BetriebstechnikerIn;/berufe/2099-BetriebstechnikerIn/
BetriebswirtIn;/berufe/2563-BetriebswirtIn/
BetriebswirtIn im Bereich Ernährungs- und Versorgungsmanagement;/berufe/3016-BetriebswirtIn-Ernaehrungsmanagement-Versorgungsmanagement/
BetrugsbekämpferIn;/berufe/3780-BetrugsbekaempferIn/
BewährungshelferIn;/berufe/2075-BewaehrungshelferIn/
BewegungstherapeutIn;/berufe/2969-BewegungstherapeutIn/
BibliothekarIn;/berufe/2840-BibliothekarIn/
Bid-ManagerIn;/berufe/3757-Bid_ManagerIn/
Bike Guide (m/w);/berufe/3792-BikeGuide/
BildhauerIn;/berufe/2323-BildhauerIn/
BildmischerIn;/berufe/3063-BildmischerIn/
BildtechnikerIn;/berufe/3064-BildtechnikerIn/
BildungsforscherIn;/berufe/3065-BildungsforscherIn/
BildungsmanagerIn;/berufe/3353-BildungsmanagerIn/
BilleteurIn;/berufe/2841-BilleteurIn/
BIM Practitioner (m/w);/berufe/3796-BIMPractitioner/
BIM-ModelliererIn;/berufe/3797-BIM-ModelliererIn/
BIM-ProjektmanagerIn;/berufe/3804-BIM-ProjektmanagerIn/
Biobauer/-bäuerin;/berufe/1946-Biobauer~Biobaeuerin/
BiochemikerIn;/berufe/1729-BiochemikerIn/
BioinformatikerIn;/berufe/2439-BioinformatikerIn/
Biologe/Biologin;/berufe/2597-Biologe~Biologin/
BiomedizinischeR AnalytikerIn;/berufe/2453-BiomedizinischeR-AnalytikerIn/
BionikerIn;/berufe/2995-BionikerIn/
BiophysikerIn;/berufe/3066-BiophysikerIn/
BiostatistikerIn;/berufe/2618-BiostatistikerIn/
Biotechnologe/-technologin;/berufe/3596-Biotechnologe~Biotechnologin/
BioverfahrenstechnikerIn;/berufe/2655-BioverfahrenstechnikerIn/
BlechblasinstrumentenerzeugerIn;/berufe/15-BlechblasinstrumentenerzeugerIn/
BloggerIn;/berufe/3556-BloggerIn/
BodenlegerIn;/berufe/18-BodenlegerIn/
Bodyguard (m/w);/berufe/2888-Bodyguard/
BohrarbeiterIn;/berufe/2759-BohrarbeiterIn/
Boot- und SchiffbauerIn;/berufe/1852-Boot-und-SchiffbautechnikerIn/
BootbauerIn;/berufe/20-BootbauerIn/
BordtechnikerIn;/berufe/2896-BordtechnikerIn/
BörsenhändlerIn;/berufe/3012-BoersenhaendlerIn/
BotanikerIn;/berufe/2598-BotanikerIn/
Brau- und GetränketechnikerIn;/berufe/21-BrautechnikerIn-GetraenketechnikerIn/
Brief- und PaketzustellerIn;/berufe/2897-Brief-undPaketzustellerIn/
Brunnen- und GrundbauerIn;/berufe/22-BrunnenbauerIn-GrundbauerIn/
Buch- und MedienwirtschafterIn - Buch- und Musikalienhandel;/berufe/258-BuchwirtschafterIn-MedienwirtschafterIn-Buchhandel-Musikalienhandel/
Buch- und MedienwirtschafterIn - Buch- und Pressegroßhandel;/berufe/259-BuchwirtschafterIn-MedienwirtschafterIn-Buchgrosshandel-Pressegrosshandel/
Buch- und MedienwirtschafterIn - Verlag;/berufe/260-BuchwirtschafterIn-MedienwirtschafterIn-Verlag/
BuchbindetechnikerIn und Postpresstechnologe/-technologin - Schwerpunkt Buchbinder/Buchbinderin;/berufe/3582-BuchbindetechnikerIn_und_Postpresstechnologe_Postpresstechnologin-Schwerpunkt_BuchbinderIn/
BuchbindetechnikerIn und Postpresstechnologe/-technologin - Schwerpunkt Buchfertigungstechnik;/berufe/3583-BuchbindetechnikerIn_und_Postpresstechnologe_Postpresstechnologin-Schwerpunkt_Buchfertigungstechnik/
BuchbindetechnikerIn und Postpresstechnologe/-technologin - Schwerpunkt Postpresstechnologie;/berufe/3584-BuchbindetechnikerIn_und_Postpresstechnologe_Postpresstechnologin-Schwerpunkt_Postpresstechnologie/
BuchhalterIn;/berufe/1747-BuchhalterIn/
BüchsenmacherIn;/berufe/24-BuechsenmacherIn/
Buffet- und Schankkraft (m/w);/berufe/2776-Buffetkraft-Schankkraft/
BühnenarbeiterIn;/berufe/2842-BuehnenarbeiterIn/
BühnenbildnerIn;/berufe/2344-BuehnenbildnerIn/
BühnentechnikerIn;/berufe/3067-BuehnentechnikerIn/
BürogehilfIn;/berufe/2768-BuerogehilfIn/
Bürokaufmann/-frau;/berufe/25-Buerokaufmann~Buerokauffrau/
Business Development ManagerIn;/berufe/2500-Business-Development-ManagerIn/
Business-AnalystIn;/berufe/2573-Business-AnalystIn/
ButlerIn;/berufe/3588-ButlerIn/
ByzantinistIn, NeogräzistIn;/berufe/2301-ByzantinistIn-NeograezistIn/
CAD-KonstrukteurIn;/berufe/3068-CAD-KonstrukteurIn/
CAD-KonstrukteurIn im Fahrzeugbau;/berufe/3688-CAD-KonstrukteurIn-Fahrzeugbau/
CAD-TechnikerIn;/berufe/3695-CAD-TechnikerIn/
CAD-TechnikerIn für Elektronik;/berufe/1926-CAD-TechnikerIn-Elektronik/
Callcenter Agent (m/w);/berufe/2803-Callcenter-Agent/
CAM-TechnikerIn;/berufe/2055-CAM-TechnikerIn/
CampingplatzwartIn;/berufe/3221-CampingplatzwartIn/
Category-ManagerIn;/berufe/3760-Category_ManagerIn/
Catering-ManagerIn;/berufe/1864-Catering-ManagerIn/
Catering-MitarbeiterIn;/berufe/3771-CateringmitarbeiterIn/
Change ManagerIn;/berufe/2499-ManagerIn-Change-Management/
CharakterzeichnerIn;/berufe/3069-CharakterzeichnerIn_ComiczeichnerIn/
ChemielabortechnikerIn;/berufe/3732-ChemielabortechnikerIn/
ChemieverfahrenstechnikerIn;/berufe/28-ChemieverfahrenstechnikerIn/
ChemikerIn;/berufe/2643-ChemikerIn/
ChemikerIn für Analytische Chemie;/berufe/2649-ChemikerIn-Analytische-Chemie/
ChemikerIn für Anorganische Chemie;/berufe/2646-ChemikerIn-Anorganische-Chemie/
ChemikerIn für Green Chemistry;/berufe/3831-ChemikerIn_fuer_GreenChemistry/
ChemikerIn für Organische Chemie;/berufe/2648-ChemikerIn-Organische-Chemie/
ChemikerIn für Physikalische Chemie;/berufe/2650-ChemikerIn-Physikalische-Chemie/
ChemikerIn für Technische Chemie;/berufe/2591-WirtschaftsingenieurIn-Technische-Chemie/
ChemotechnikerIn;/berufe/3734-ChemotechnikerIn/
ChirurgieinstrumentenerzeugerIn;/berufe/29-ChirurgieinstrumentenerzeugerIn/
Chocolatier/Chocolatière;/berufe/3631-Chocolatier_Chocolatiere/
ChoreografIn;/berufe/2360-ChoreografIn/
Chronologe/Chronologin;/berufe/2228-Chronologe~Chronologin/
Circular Engineer (m/w);/berufe/3864-Circular_Engineer/
Clinical Engineer (m/w);/berufe/3071-Clinical-Engineer/
Clinical Monitor;/berufe/3072-Clinical-Monitor/
Cloud Engineer (m/w);/berufe/3656-Cloud-Engineer-%28m-w%29/
CNC-MaschinenbedienerIn;/berufe/3716-CNC-MaschinenbedienerIn/
Coach (m/w);/berufe/2930-Coach/
Community Interpreter (m/w);/berufe/3073-Community-Interpreter/
Compliance Officer (m/w);/berufe/3296-Compliance-Officer/
Compositing Artist;/berufe/3338-Compositing-Artist/
Computer-AnimationsdesignerIn;/berufe/3074-Computer-AnimationsdesignerIn/
ComputerlinguistIn;/berufe/3075-ComputerlinguistIn/
Content Creator (m/w);/berufe/3730-Content-Creator/
Content ManagerIn;/berufe/3003-Content-ManagerIn/
Content-ManagerIn;/berufe/3599-Content-ManagerIn/
ControllerIn;/berufe/2553-ControllerIn/
Creative Director;/berufe/2353-Creative-Director/
Croupier/Croupière;/berufe/2777-Croupier~Croupire/
Customer Relationship ManagerIn;/berufe/2503-Customer-Relationship-ManagerIn/
DachdeckerIn;/berufe/30-DachdeckerIn/
DaF-LektorIn;/berufe/3076-DaF-LektorIn/
Data Scientist (m/w);/berufe/3852-DataScientist/
Data Warehouse AnalystIn;/berufe/3002-Data-Warehouse-AnalystIn/
Data-Warehouse-ManagerIn;/berufe/3645-Data-Warehouse-ManagerIn/
DatenbankadministratorIn;/berufe/2748-DatenbankadministratorIn/
DatenbankentwicklerIn;/berufe/2747-DatenbankentwicklerIn/
DatenschutzbeauftragteR;/berufe/3349-DatenschutzbeauftragteR/
Datensicherheitsexperte/-expertin;/berufe/3644-Datensicherheitsexperte~Datensicherheitsexpertin/
Datensicherheitsexperte/Datensicherheitsexpertin;/berufe/2749-Datensicherheitsexperte/
DekorateurIn ;/berufe/2804-DekorateurIn/
DenkmalpflegerIn;/berufe/3077-DenkmalpflegerIn/
DeponiewartIn;/berufe/3532-DeponiewartIn/
DesignerIn;/berufe/2329-DesignerIn/
DesinfektionsassistentIn;/berufe/3320-DesinfektionsassistentIn/
DestillateurIn;/berufe/34-DestillateurIn/
DetektivIn;/berufe/2886-DetektivIn/
DevOps Engineer (m/w);/berufe/3651-DevOps-Engineer-%28m-w%29/
Diätologe/Diätologin;/berufe/2977-Diaetologe~Diaetologin/
DigitaltechnikerIn IT;/berufe/1907-DigitaltechnikerIn-IT/
Dipl. Gesundheits- und KrankenpflegerIn;/berufe/3506-Gesundheits-KrankenpflegerIn/
Dipl. Gesundheits- und KrankenpflegerIn - Anästhesiepflege;/berufe/3739-Dipl.Gesundheits-undKrankenpflegerIn-Ansthesiepflege/
Dipl. Gesundheits- und KrankenpflegerIn - Hospiz- und Palliativversorgung;/berufe/3744-Dipl.Gesundheits-undKrankenpflegerIn-Hospiz-undPalliativversorgung/
Dipl. Gesundheits- und KrankenpflegerIn - Intensivpflege;/berufe/3738-Dipl.Gesundheits-undKrankenpflegerIn-Intensivpflege/
Dipl. Gesundheits- und KrankenpflegerIn - Kinder- und Jugendlichenpflege;/berufe/3735-Dipl.Gesundheits-undKrankenpflegerIn-Kinder-undJugendlichenpflege/
Dipl. Gesundheits- und KrankenpflegerIn - Kinderintensivpflege;/berufe/3741-Dipl.Gesundheits-undKrankenpflegerIn-Kinderintensivpflege/
Dipl. Gesundheits- und KrankenpflegerIn - Krankenhaushygiene;/berufe/3742-Dipl.Gesundheits-undKrankenpflegerIn-Krankenhaushygiene/
Dipl. Gesundheits- und KrankenpflegerIn - Pflege bei Nierenersatztherapie;/berufe/3737-Dipl.Gesundheits-undKrankenpflegerIn-PflegebeiNierenersatztherapie/
Dipl. Gesundheits- und KrankenpflegerIn - Pflege im Operationsbereich;/berufe/3740-Dipl.Gesundheits-undKrankenpflegerIn-PflegeimOperationsbereich/
Dipl. Gesundheits- und KrankenpflegerIn - Psychiatrische Gesundheits- und Krankenpflege;/berufe/3736-Dipl.Gesundheits-undKrankenpflegerIn-PsychiatrischeGesundheits-undKrankenpflege/
Dipl. Gesundheits- und KrankenpflegerIn - Psychogeriatrische Pflege;/berufe/3745-Dipl.Gesundheits-undKrankenpflegerIn-PsychogeriatrischePflege/
Dipl. Gesundheits- und KrankenpflegerIn - Wundmanagement und Stomaversorgung;/berufe/3743-Dipl.Gesundheits-undKrankenpflegerIn-WundmanagementundStomaversorgung/
Dipl. KardiotechnikerIn;/berufe/3299-KardiotechnikerIn/
Diplom-SozialbetreuerIn für Altenarbeit;/berufe/3046-Diplom-SozialbetreuerIn_fuer_Altenarbeit/
Diplom-SozialbetreuerIn für Behindertenarbeit und Behindertenbegleitung;/berufe/3047-Diplom-SozialbetreuerIn-Behindertenarbeit-und-Behindertenbegleitung/
Diplom-SozialbetreuerIn für Familienarbeit;/berufe/3048-Diplom-SozialbetreuerIn-Familienarbeit/
DiplomatikerIn;/berufe/2229-DiplomatikerIn/
DiplomatIn;/berufe/2488-DiplomatIn/
DiplomierteR Gesundheits- und KrankenpflegerIn;/berufe/1879-DiplomierteR_Gesundheits-_und_KrankenpflegerIn/
DiplomierteR Gesundheits- und KrankenpflegerIn - Kinder- und Jugendlichenpflege;/berufe/1880-DiplomierteR_Gesundheits-_und_KrankenpflegerIn_Kinder-_und_Jugendlichenpflege/
DiplomierteR Gesundheits- und KrankenpflegerIn - Psychiatrische Gesundheits- und Krankenpflege;/berufe/1881-DiplomierteR_Gesundheits-_und_KrankenpflegerIn_Psychiatrische_Gesundheits-_und_Krankenpflege/
DiplomierteR medizinischeR FachassistentIn (MFA);/berufe/3323-DiplomierteR-medizinischeR-FachassistentIn-MFA/
DiplomierteR OperationstechnischeR AssistentIn (OTA);/berufe/3808-OperationstechnischeRAssistentIn/
DirektionsassistentIn;/berufe/1872-DirektionsassistentIn/
Direktmarketing ManagerIn;/berufe/3079-Direktmarketing-ManagerIn/
DirigentIn;/berufe/2375-DirigentIn/
Disc-Jockey (m/w);/berufe/2931-Disc-Jockey/
DisponentIn;/berufe/1950-DisponentIn/
DokumentarIn;/berufe/2843-DokumentarIn/
DolmetscherIn;/berufe/2287-DolmetscherIn/
DomotronikerIn;/berufe/2539-DomotronikerIn/
DorfhelferIn in der Landwirtschaft;/berufe/2863-DorfhelferIn-in-der-Landwirtschaft/
Drachenflug- und ParagleiterlehrerIn;/berufe/2778-DrachenfluglehrerIn-ParagleiterlehrerIn/
DramaturgIn;/berufe/2361-DramaturgIn/
DrehbuchautorIn;/berufe/2362-DrehbuchautorIn/
DrogistIn;/berufe/1637-DrogistIn/
DrohnenpilotIn;/berufe/3714-DrohnenpilotIn/
DrucktechnikerIn;/berufe/1777-DrucktechnikerIn/
DrucktechnikerIn - Schwerpunkt Bogenflachdruck;/berufe/3389-DrucktechnikerIn-Schwerpunkt_Bogenflachdruck/
DrucktechnikerIn - Schwerpunkt Digitaldruck;/berufe/3390-DrucktechnikerIn-Schwerpunkt_Digitaldruck/
DrucktechnikerIn - Schwerpunkt Rollenrotationsdruck;/berufe/3391-DrucktechnikerIn-Schwerpunkt_Rollenrotationsdruck/
DrucktechnikerIn - Schwerpunkt Siebdruck;/berufe/3392-DrucktechnikerIn-Schwerpunkt_Siebdruck/
DruckvorstufentechnikerIn;/berufe/3699-DruckvorstufentechnikerIn/
E-Business ManagerIn;/berufe/2541-E-Business-ManagerIn/
E-Commerce Consultant (m/w);/berufe/2543-E-Commerce-Consultant/
E-Commerce Developer;/berufe/2549-E-Commerce-DeveloperIn/
E-Commerce-Kaufmann/-frau;/berufe/3489-E-Commerce-Kauffrau~E-Commerce-Kaufmann/
E-Commerce-ManagerIn;/berufe/2157-E-Commerce-ManagerIn/
E-Gamer (m/w);/berufe/3639-E-Gamer/
E-Learning AutorIn;/berufe/2333-E-Learning-AutorIn/
E-LogistikerIn;/berufe/3081-E-LogistikerIn/
E-Procurement ManagerIn;/berufe/3086-E-Procurement-ManagerIn/
EDV-Kaufmann/-frau;/berufe/2158-EDV-Kaufmann~EDV-Kauffrau/
EDV-TrainerIn;/berufe/3646-EDV-TrainerIn/
Ehe- und FamilienberaterIn;/berufe/3257-EheberaterIn-FamilienberaterIn/
EinkäuferIn;/berufe/1783-EinkaeuferIn/
EinrichtungsberaterIn;/berufe/1788-EinrichtungsberaterIn/
Einzelhandelskaufmann/-frau - Schwerpunkt Allgemeiner Einzelhandel;/berufe/3393-Einzelhandelskaufmann~Einzelhandelskauffrau-Schwerpunkt_Allgemeiner_Einzelhandel/
Einzelhandelskaufmann/-frau - Schwerpunkt Baustoffhandel;/berufe/3394-Einzelhandelskaufmann~Einzelhandelskauffrau-Schwerpunkt_Baustoffhandel/
Einzelhandelskaufmann/-frau - Schwerpunkt Einrichtungsberatung;/berufe/3395-Einzelhandelskaufmann~Einzelhandelskauffrau-Schwerpunkt_Einrichtungsberatung/
Einzelhandelskaufmann/-frau - Schwerpunkt Eisen- und Hartwaren;/berufe/3396-Einzelhandelskaufmann~Einzelhandelskauffrau-Schwerpunkt_Eisenwaren_und_Hartwaren/
Einzelhandelskaufmann/-frau - Schwerpunkt Elektro-Elektronikberatung;/berufe/3397-Einzelhandelskaufmann~Einzelhandelskauffrau-Schwerpunkt_Elektroberatung-Schwerpunkt_Elektronikberatung/
Einzelhandelskaufmann/-frau - Schwerpunkt Feinkostfachverkauf;/berufe/3398-Einzelhandelskaufmann~Einzelhandelskauffrau-Schwerpunkt_Feinkostfachverkauf/
Einzelhandelskaufmann/-frau - Schwerpunkt Gartencenter;/berufe/3399-Einzelhandelskaufmann~Einzelhandelskauffrau-Schwerpunkt_Gartencenter/
Einzelhandelskaufmann/-frau - Schwerpunkt Kraftfahrzeuge und Ersatzteile;/berufe/3400-Einzelhandelskaufmann~Einzelhandelskauffrau-Schwerpunkt_Kraftfahrzeuge_und_Ersatzteile/
Einzelhandelskaufmann/-frau - Schwerpunkt Lebensmittelhandel;/berufe/3401-Einzelhandelskaufmann~Einzelhandelskauffrau-Schwerpunkt_Lebensmittelhandel/
Einzelhandelskaufmann/-frau - Schwerpunkt Parfümerie;/berufe/3402-Einzelhandelskaufmann~Einzelhandelskauffrau-Schwerpunkt_Parfuemerie/
Einzelhandelskaufmann/-frau - Schwerpunkt Schuhe;/berufe/3403-Einzelhandelskaufmann~Einzelhandelskauffrau-Schwerpunkt_Schuhe/
Einzelhandelskaufmann/-frau - Schwerpunkt Sportartikel;/berufe/3404-Einzelhandelskaufmann~Einzelhandelskauffrau-Schwerpunkt_Sportartikel/
Einzelhandelskaufmann/-frau - Schwerpunkt Telekommunikation;/berufe/3405-Einzelhandelskaufmann~Einzelhandelskauffrau-Schwerpunkt_Telekommunikation/
Einzelhandelskaufmann/-frau - Schwerpunkt Textilhandel;/berufe/3406-Einzelhandelskaufmann~Einzelhandelskauffrau-Schwerpunkt_Textilhandel/
Einzelhandelskaufmann/-frau - Schwerpunkt Uhren- und Juwelenberatung;/berufe/3407-Einzelhandelskaufmann~Einzelhandelskauffrau-Schwerpunkt_Uhrenberatung_und_Juwelenberatung/
Eisenbahnaufsichtsorgan (m/w);/berufe/3785-Eisenbahnaufsichtsorgan/
EisenbahnbetriebsassistentIn;/berufe/3784-EisenbahnbetriebsassistentIn/
EisenbahnbetriebsleiterIn;/berufe/3786-EisenbahnbetriebsleiterIn/
Eisenbahnsicherungs- und LeittechnikerIn;/berufe/3787-Eisenbahnsicherungs_und_LeittechnikerIn/
EisenbahntechnikerIn;/berufe/3863-EisenbahntechnikerIn/
EisenbiegerIn;/berufe/2760-EisenbiegerIn/
ElektroenergietechnikerIn;/berufe/3528-ElektroenergietechnikerIn/
ElektronikerIn;/berufe/2673-ElektronikerIn/
ElektronikerIn - Hauptmodul Angewandte Elektronik;/berufe/3408-ElektronikerIn-Hauptmodul_Angewandte_Elektronik/
ElektronikerIn - Hauptmodul Informations- und Telekommunikationstechnik;/berufe/3409-ElektronikerIn-Hauptmodul_Informationstechnik_und_Telekommunikationstechnik/
ElektronikerIn - Hauptmodul Kommunikationselektronik;/berufe/3410-ElektronikerIn-Hauptmodul_Kommunikationselektronik/
ElektronikerIn - Hauptmodul Mikrotechnik;/berufe/3411-ElektronikerIn-Hauptmodul_Mikrotechnik/
ElektroplanerIn;/berufe/3665-ElektroplanerIn/
ElektrotechnikerIn;/berufe/2671-ElektrotechnikerIn/
ElektrotechnikerIn - Antriebstechnik;/berufe/2674-ElektrotechnikerIn-Antriebstechnik/
ElektrotechnikerIn - Computertechnik;/berufe/2675-ElektrotechnikerIn-Computertechnik/
ElektrotechnikerIn - Hauptmodul Anlagen- und Betriebstechnik;/berufe/3412-ElektrotechnikerIn-Hauptmodul_Anlagentechnik_und_Betriebstechnik/
ElektrotechnikerIn - Hauptmodul Automatisierungs- und Prozessleittechnik;/berufe/3413-ElektrotechnikerIn-Hauptmodul_Automatisierungstechnik_und_Prozessleittechnik/
ElektrotechnikerIn - Hauptmodul Elektro- und Gebäudetechnik;/berufe/3414-ElektrotechnikerIn-Hauptmodul_Elektrotechnik_und_Gebaeudetechnik/
ElektrotechnikerIn - Hauptmodul Energietechnik;/berufe/3415-ElektrotechnikerIn-Hauptmodul_Energietechnik/
ElektrotechnikingenieurIn;/berufe/3682-ElektrotechnikingenieurIn/
Elementarpädagoge/-pädagogin;/berufe/3719-Elementarpaedagoge-paedagogin/
Embedded Systems EntwicklerIn;/berufe/2742-Embedded-Systems-EntwicklerIn/
EmpfangsleiterIn;/berufe/1865-EmpfangsleiterIn/
Energie-VerfahrenstechnikerIn;/berufe/3303-Energie-VerfahrenstechnikerIn/
EnergieberaterIn;/berufe/3530-EnergieberaterIn/
EnergieeffizienzbeauftragteR;/berufe/3823-EnergieeffizienzbeauftragteR/
EnergiemaklerIn;/berufe/3083-EnergiemaklerIn/
EnergiemanagerIn;/berufe/3846-EnergiemanagerIn/
EnergietechnikerIn;/berufe/2678-EnergietechnikerIn/
EnergietechnikerIn für erneuerbare Energien;/berufe/3662-EnergietechnikerIn_fuer_erneuerbare_Energien/
Entsorgungs- und Recyclingfachmann/-frau;/berufe/3628-Entsorgungs-_und_Recyclingfachmann_frau/
EntsorgungstechnikerIn;/berufe/2640-EntsorgungstechnikerIn/
EntwicklerIn für Multimedia-Anwendungen;/berufe/2711-EntwicklerIn-Multimedia-Anwendungen/
EntwicklungshelferIn;/berufe/3614-EntwicklungshelferIn/
EntwicklungsökonomIn;/berufe/3085-EntwicklungsoekonomIn/
ErdölchemikerIn;/berufe/2733-ErdoelchemikerIn/
ErdöltechnikerIn;/berufe/2734-ErdoeltechnikerIn/
ErgonomIn;/berufe/2451-ErgonomIn/
ErgotherapeutIn;/berufe/2458-ErgotherapeutIn/
ErnährungsberaterIn;/berufe/3088-ErnaehrungsberaterIn/
ErziehungswissenschafterIn;/berufe/2256-Erziehungswissenschaftler~Erziehungswissenschaftlerin/
EssenszustellerIn;/berufe/3262-EssenszustellerIn/
EtagenleiterIn;/berufe/1866-EtagenleiterIn/
EU-DiplomatIn im Europäischen Auswärtigen Dienst;/berufe/3297-EU-DiplomatIn-Europaeischer-Auswaertiger-Dienst/
EU-DokumentarIn;/berufe/3090-EU-DokumentarIn/
EU-VertragsbediensteteR;/berufe/2504-EU-VertragsbediensteteR~Allgemeine-Administration/
EvangelischeR PfarrerIn;/berufe/2318-PfarrerIn-evangelisch/
Eventkaufmann/-frau;/berufe/3538-Eventkaufmann_frau/
EventmanagerIn;/berufe/2220-EventmanagerIn/
ExekutivbediensteteR im Justizwachdienst;/berufe/2890-Justizwachebeamter~Justizwachebeamtin/
ExekutivbediensteteR im Polizeidienst;/berufe/2891-PolizistIn/
ExperimentalphysikerIn;/berufe/3007-ExperimentalphysikerIn/
ExportmanagerIn;/berufe/2495-ExportmanagerIn/
ExportsachbearbeiterIn;/berufe/1951-ExportsachbearbeiterIn/
Fach-SozialbetreuerIn für Altenarbeit;/berufe/3617-Fach-SozialbetreuerIn_Altenarbeit/
Fach-SozialbetreuerIn für Behindertenarbeit und Behindertenbegleitung;/berufe/3618-Fach-SozialbetreuerIn_Behindertenarbeit-Behindertenbegleitung/
FacharbeiterIn Bienenwirtschaft;/berufe/12-FacharbeiterIn-Bienenwirtschaft/
FacharbeiterIn Biomasseproduktion und landwirtschaftliche Bioenergiegewinnung;/berufe/3036-FacharbeiterIn-Biomasseproduktion-und-landwirtschaftliche-Bioenergiegewinnung/
FacharbeiterIn Feldgemüsebau;/berufe/56-FacharbeiterIn-Feldgemuesebau/
FacharbeiterIn Fischereiwirtschaft;/berufe/59-FacharbeiterIn-Fischereiwirtschaft/
FacharbeiterIn Forstgarten- und Forstpflegewirtschaft;/berufe/64-FacharbeiterIn-Forstgartenwirtschaft-Forstpflegewirtschaft/
FacharbeiterIn Forstwirtschaft;/berufe/63-FacharbeiterIn-Forstwirtschaft/
FacharbeiterIn Gartenbau;/berufe/71-FacharbeiterIn-Gartenbau/
FacharbeiterIn Geflügelwirtschaft;/berufe/73-FacharbeiterIn-Gefluegelwirtschaft/
FacharbeiterIn ländliches Betriebs- und Haushaltsmanagement;/berufe/52-FacharbeiterIn-laendliches-Betriebsmanagement-Haushaltsmanagement/
FacharbeiterIn Landwirtschaft;/berufe/127-FacharbeiterIn-Landwirtschaft/
FacharbeiterIn landwirtschaftliche Lagerhaltung;/berufe/53-FacharbeiterIn-landwirtschaftliche-Lagerhaltung/
FacharbeiterIn Molkerei- und Käsereiwirtschaft;/berufe/147-FacharbeiterIn-Molkereiwirtschaft-Kaesereiwirtschaft/
FacharbeiterIn Obstbau und Obstverwertung;/berufe/151-FacharbeiterIn-Obstbau-Obstverwertung/
FacharbeiterIn Pferdewirtschaft;/berufe/156-FacharbeiterIn-Pferdewirtschaft/
FacharbeiterIn Weinbau und Kellerwirtschaft;/berufe/225-FacharbeiterIn-Weinbau-Kellerwirtschaft/
Facharzt/-ärztin;/berufe/3683-Facharzt-aerztin/
Facharzt/-ärztin für Allgemeinchirurgie und Viszeralchirurgie;/berufe/2389-Facharzt-aerztin-fuer-Allgemeinchirurgie-und-Viszeralchirurgie/
Facharzt/-ärztin für Anästhesiologie und Intensivmedizin;/berufe/2384-Facharzt-aerztin-fuer-Ansthesiologie-und-Intensivmedizin/
Facharzt/-ärztin für Arbeitsmedizin und Angewandte Physiologie;/berufe/2386-Facharzt~Fachaerztin-fuer-Arbeitsmedizin-Angewandte-Physiologie/
Facharzt/-ärztin für Augenheilkunde und Optometrie;/berufe/2387-Facharzt-aerztin-fuer-Augenheilkunde-und-Optometrie/
Facharzt/-ärztin für Frauenheilkunde und Geburtshilfe;/berufe/2390-Facharzt-aerztin-fuer-Frauenheilkunde-und-Geburtshilfe/
Facharzt/-ärztin für Gerichtsmedizin;/berufe/2391-Facharzt~Fachaerztin-fuer-Gerichtsmedizin/
Facharzt/-ärztin für Hals-, Nasen- und Ohrenheilkunde;/berufe/2392-Facharzt-aerztin-fuer-Hals-Nasen-und-Ohrenheilkunde/
Facharzt/-ärztin für Haut- und Geschlechtskrankheiten;/berufe/2393-Facharzt~Fachaerztin-fuer-Haut-und-Geschlechtskrankheiten/
Facharzt/-ärztin für Innere Medizin;/berufe/3685-Facharzt-rztinfrInnereMedizin/
Facharzt/-ärztin für Innere Medizin und Pneumologie;/berufe/3686-Facharzt-rztinfrInnereMedizinundPneumologie/
Facharzt/-ärztin für Kinder- und Jugendheilkunde;/berufe/2399-Facharzt-aerztin-fuer-Kinder-und-Jugendheilkunde/
Facharzt/-ärztin für Kinder- und Jugendpsychiatrie und Psychotherapeutische Medizin;/berufe/2973-Facharzt~Fachaerztin-fuer-Kinder-und-Jugendpsychiatrie-und-Psychotherapeutische-Medizin/
Facharzt/-ärztin für Klinische Immunologie und Spezifische Prophylaxe und Tropenmedizin;/berufe/2422-Facharzt~Fachaerztin-fuer-Klinische-Immunologie-Spezifische-Prophylaxe-Tropenmedizin/
Facharzt/-ärztin für Klinische Mikrobiologie und Virologie;/berufe/2427-Facharzt~Fachaerztin-fuer-Klinische-Mikrobiologie-und-Virologie/
Facharzt/-ärztin für Klinische Pathologie und Neuropathologie;/berufe/2411-Facharzt~Fachaerztin-fuer-Klinische-Pathologie-und-Neuropathologie/
Facharzt/-ärztin für Medizinische und Chemische Labordiagnostik;/berufe/2403-Facharzt~Fachaerztin-fuer-Medizinische-und-Chemische-Labordiagnostik/
Facharzt/-ärztin für Mund-, Kiefer- und Gesichtschirurgie;/berufe/2406-Facharzt~Fachaerztin-fuer-Mundchirurgie-Kieferchirurgie-Gesichtschirurgie/
Facharzt/-ärztin für Neurologie;/berufe/2410-Facharzt-aerztin-fuer-Neurologie/
Facharzt/-ärztin für Orthopädie und Traumatologie;/berufe/2413-Facharzt~Fachaerztin-fuer-Orthopaedie-und-Traumatologie/
Facharzt/-ärztin für Physikalische Medizin und allgemeine Rehabilitation;/berufe/2417-Facharzt~Fachaerztin-fuer-Physikalische-Medizin-und-Allgemeine-Rehabilitation/
Facharzt/-ärztin für Plastische, Rekonstruktive und Ästhetische Chirurgie;/berufe/2419-Facharzt-aerztin-fuer-Plastische-Rekonstruktive-und-Aesthetische-Chirurgie/
Facharzt/-ärztin für Psychiatrie und psychotherapeutische Medizin;/berufe/2420-Facharzt-aerztin-fuer-Psychiatrie-und-psychotherapeutische-Medizin/
Facharzt/-ärztin für Public Health;/berufe/3504-Facharzt~Fachaerztin-fuer-Public-Health/
Facharzt/-ärztin für Radiologie;/berufe/2405-Facharzt-aerztin-fuer-Radiologie/
Facharzt/-ärztin für Unfallchirurgie;/berufe/3687-Facharzt-rztinfrUnfallchirurgie/
Facharzt/-ärztin für Urologie;/berufe/2426-Facharzt~Fachaerztin-fuer-Urologie/
Fachkraft in der Offenen Jugendarbeit (m/w);/berufe/3619-Fachkraft-Jugendarbeit/
Fachmann/-frau (Fachkraft) für Bahnreise- und Mobilitätsservice;/berufe/3766-Fachmann_Fachfrau_Fachkraft_fuer_Bahnreise-_und_Mobilitaetsservice/
FachübersetzerIn;/berufe/2292-FachuebersetzerIn/
Facility ManagerIn;/berufe/2542-Facility-ManagerIn/
Facility-ManagerIn;/berufe/1839-Facility-ManagerIn/
FahrdienstleiterIn;/berufe/3550-FahrdienstleiterIn/
FahrlehrerIn;/berufe/2865-FahrlehrerIn_FahrschullehrerIn/
Fahrradbote/-botin;/berufe/3263-Fahrradbote~Fahrradbotin/
FahrradmechanikerIn;/berufe/3677-FahrradmechanikerIn/
FahrradmechatronikerIn;/berufe/3509-FahrradmechatronikerIn/
FahrschullehrerIn;/berufe/3503-FahrschullehrerIn/
FahrzeugelektronikerIn;/berufe/3668-FahrzeugelektronikerIn/
Fahrzeugtechnik IngenieurIn;/berufe/2651-Fahrzeugtechnik-IngenieurIn/
FahrzeugtechnikerIn;/berufe/1845-FahrzeugtechnikerIn/
FahrzeugtechnikerIn für grüne Mobilität;/berufe/3858-FahrzeugtechnikerIn_fuer_gruene_Mobilitaet/
FakturistIn;/berufe/1753-FakturistIn/
Farb- und TypberaterIn;/berufe/2816-FarbberaterIn-TypberaterIn/
FassaderIn;/berufe/3590-FassaderIn/
FassbinderIn;/berufe/13-FassbinderIn/
FeinoptikerIn;/berufe/55-FeinoptikerIn/
FeinwerktechnikerIn;/berufe/2672-FeinwerktechnikerIn/
FensterputzerIn;/berufe/3222-FensterputzerIn/
FeriencampleiterIn;/berufe/3223-FeriencampleiterIn/
FertigteilhausbauerIn;/berufe/3591-FertigteilhausbauerIn/
FertigungsmesstechnikerIn - Schwerpunkt Produktionssteuerung;/berufe/3585-FertigungsmesstechnikerIn-Schwerpunkt_Produktionssteuerung/
FertigungsmesstechnikerIn - Schwerpunkt Produktmessung;/berufe/3586-FertigungsmesstechnikerIn-Schwerpunkt_Produktmessung/
FertigungstechnikerIn;/berufe/2056-FertigungstechnikerIn/
FeuerwehrtaucherIn;/berufe/3250-TaucherIn/
FiakerIn ;/berufe/2899-FiakerIn/
FilmarchitektIn;/berufe/2347-FilmarchitektIn/
FilmausstatterIn;/berufe/2966-FilmausstatterIn/
FilmeditorIn;/berufe/3603-FilmeditorIn/
FilmvorführerIn;/berufe/2844-FilmvorfuehrerIn/
FilmwissenschafterIn;/berufe/3334-FilmwissenschafterIn/
Finanz- und AnlageberaterIn;/berufe/1702-FinanzberaterIn-AnlagenberaterIn/
Finanz- und RechnungswesenassistentIn;/berufe/3315-FinanzassistentIn-RechnungswesenassistentIn/
Finanzdienstleistungskaufmann/-frau;/berufe/2924-Finanzdienstleistungskaufmann~Finanzdienstleistungskauffrau/
FinanzierungsberaterIn;/berufe/2515-FinanzierungsberaterIn/
FingernageldesignerIn;/berufe/2817-FingernageldesignerIn/
Finno-UgristIn;/berufe/2302-Finno-UgristIn/
FirmenkundenberaterIn;/berufe/1654-FirmenkundenberaterIn/
First/ Second Level Supporter (m/w);/berufe/3654-First-Second-Level-Supporter-%28m-w%29/
FitnessbetreuerIn;/berufe/60-FitnessbetreuerIn/
FitnesstrainerIn;/berufe/3612-FitnesstrainerIn/
FlächenwidmungsplanerIn;/berufe/3337-FlaechenwidmungsplanerIn/
FleischverarbeiterIn;/berufe/61-FleischverarbeiterIn/
Fleischverarbeitungshilfskraft (m/w);/berufe/3811-Fleischverarbeitungshilfskraft_%28m_w%29/
FleischverkäuferIn;/berufe/236-FleischverkaeuferIn/
FloristIn;/berufe/3479-FloristIn/
FlugbegleiterIn;/berufe/3034-FlugbegleiterIn/
FlugdienstberaterIn;/berufe/3558-FlugdienstberaterIn/
FlughafenarbeiterIn;/berufe/2901-FlughafenarbeiterIn/
FluglehrerIn;/berufe/2902-FluglehrerIn/
Fluglotse/Fluglotsin ;/berufe/2903-Fluglotse_Fluglotsin/
FlugzeugbautechnikerIn;/berufe/1976-FlugzeugbautechnikerIn/
Food StylistIn;/berufe/3772-Food_StylistIn/
Food-and-Beverage-ManagerIn;/berufe/1867-Food-and-Beverage-ManagerIn/
Förder- und FörderanlagentechnikerIn;/berufe/3004-FoerdertechnikerIn-FoerderanlagentechnikerIn/
Forensischer Psychologe/Forensische Psychologin;/berufe/3093-ForensischeR-Psychologe~Psychologin/
Forschungs- und EntwicklungstechnikerIn;/berufe/2582-ForschungstechnikerIn-EntwicklungstechnikerIn/
Forschungs- und EntwicklungstechnikerIn für E-Mobilität;/berufe/3826-Forschungs-und_EntwicklungstechnikerIn_fuer_E_Mobilitaet/
ForschungsmanagerIn;/berufe/3094-ForschungsmanagerIn/
ForstarbeiterIn;/berufe/3705-ForstarbeiterIn/
FörsterIn;/berufe/3820-FoersterIn/
ForsttechnikerIn;/berufe/3480-ForsttechnikerIn/
ForstwartIn;/berufe/1854-ForstwartIn/
ForstwirtIn;/berufe/2612-ForstwirtIn/
Foto- und Multimediakaufmann/-frau;/berufe/3040-Fotokaufmann~Fotokauffrau_Multimediakaufmann~Multimediakauffrau/
FotografIn;/berufe/1993-FotografIn/
FotografIn - künstlerische Fotografie;/berufe/2324-FotografIn-kuenstlerische-Fotografie/
Fotomodell;/berufe/2845-Fotomodell/
FotoredakteurIn;/berufe/3095-FotoredakteurIn/
FreizeitberaterIn;/berufe/2210-FreizeitberaterIn/
FreizeitbetreuerIn;/berufe/2089-FreizeitbetreuerIn/
FreizeitmanagerIn;/berufe/2211-FreizeitmanagerIn/
Freizeitpädagoge/-pädagogin;/berufe/5819-FreizeitpaedagogIn/
Freizeitpädagoge/Freizeitpädagogin;/berufe/2264-Freizeitpaedagoge~Freizeitpaedagogin/
FreizeitwissenschafterIn;/berufe/2212-FreizeitwissenschafterIn/
FremdenführerIn;/berufe/2779-FremdenfuehrerIn/
Fremdsprachen-LektorIn;/berufe/2313-LektorIn-Fremdsprachen/
FremdsprachenkorrespondentIn;/berufe/2064-FremdsprachenkorrespondentIn/
Friedhofs- und ZiergärtnerIn;/berufe/68-FriedhofsgaertnerIn-ZiergaertnerIn/
FriedhofsaufseherIn;/berufe/2874-FriedhofsaufseherIn/
FriseurIn (StylistIn);/berufe/69-FriseurIn-PerueckenmacherIn-StylistIn/
Frühförderer/Frühförderin ;/berufe/3096-Fruehfoerderer~Fruehfoerderin/
FuhrparkmanagerIn;/berufe/1953-Flotten-ManagerIn-FuhrparkmanagerIn/
FundraiserIn;/berufe/3553-Fundraising-ManagerIn/
FunktechnikerIn;/berufe/2687-FunktechnikerIn/
FußballtrainerIn;/berufe/2818-FussballtrainerIn/
FußpflegerIn;/berufe/3566-FupflegerIn/
FußpflegerIn (auslaufend ab 1.2.2024);/berufe/70-FusspflegerIn/
FußpflegerIn (Podologe/Podologin) (gültig ab 1.2.2024);/berufe/5821-FusspflegerIn_%28Podologe_Podologin%29/
Game DesignerIn;/berufe/3097-Game-DesignerIn/
Game-DesignerIn;/berufe/3604-Game-DesignerIn/
GaragenwartIn;/berufe/3226-GaragenwartIn/
Garderobier/Garderobiere;/berufe/2846-Garderobier~Garderobiere/
Garten- und GrünflächengestalterIn;/berufe/126-GartengestalterIn-GruenflaechengestalterIn/
GartenbautechnikerIn;/berufe/1858-GartenbautechnikerIn/
GartenbautechnikerIn für Gebäudebegrünung;/berufe/5820-GartenbautechnikerIn_fuer_Gebaeudebegruenung/
GärtnerIn;/berufe/3842-GaertnerIn/
GastgewerbeassistentIn;/berufe/1868-GastgewerbeassistentIn/
Gastronomiefachmann/-frau;/berufe/1634-Gastronomiefachmann~Gastronomiefachfrau/
GebärdensprachdolmetscherIn;/berufe/2932-GebaerdensprachdolmetscherIn/
GebäudetechnikerIn;/berufe/2993-GebaeudetechnikerIn/
GebäudetechnikerIn für Smart Building;/berufe/3862-GebaeudetechnikerIn_fuer_Smart_Building/
GebäudetechnikplanerIn;/berufe/3663-GebaeudetechnikplanerIn/
GedächtnistrainerIn;/berufe/3770-Gedaechtnistrainer_Gedaechtnistrainerin/
Gemüsebauer/-bäuerin;/berufe/1937-Gemuesebauer~Gemuesebaeuerin/
GemüsegärtnerIn;/berufe/1860-GemuesegaertnerIn/
GenderwissenschafterIn;/berufe/3098-GenderwissenschafterIn/
Genealoge/Genealogin;/berufe/2230-Genealoge~Genealogin/
GenetikerIn;/berufe/2615-GenetikerIn/
GentechnikerIn;/berufe/2617-GentechnikerIn/
GeochemikerIn;/berufe/2723-GeochemikerIn/
GeografIn;/berufe/2710-GeografIn/
GeografIn für Physische Geografie;/berufe/2712-GeografIn-Physische-Geografie/
GeoinformatikerIn;/berufe/3354-GeoinformatikerIn/
GeoinformationstechnikerIn;/berufe/3359-GeoinformationstechnikerIn/
Geologe/Geologin;/berufe/2706-Geologe~Geologin/
GeophysikerIn;/berufe/2719-GeophysikerIn/
GeotechnikerIn;/berufe/2704-GeotechnikerIn/
GerberIn;/berufe/237-GerberIn/
GerichtsdolmetscherIn;/berufe/3080-DolmetscherIn-Gerichtsdolmetschen/
GerichtsvollzieherIn;/berufe/2770-GerichtsvollzieherIn/
GermanistIn;/berufe/2316-GermanistIn/
Gerontologe/Gerontologin;/berufe/2252-Gerontologe~Gerontologin/
GerüsterIn;/berufe/2761-GeruesterIn/
Geschlechter- und SozialforscherIn;/berufe/2265-Paedagoge~Paedagogin-Geschlechterforschung-Sozialforschung/
GesprächsdolmetscherIn;/berufe/2291-UebersetzerIn-und-DolmetscherIn-Gespraechsdolmetschen-Uebersetzen/
GesteinshüttentechnikerIn;/berufe/2727-GesteinshuettentechnikerIn/
GesundheitsmanagerIn;/berufe/2477-GesundheitsmanagerIn/
Gesundheitspsychologe/-psychologin;/berufe/3215-Gesundheitspsychologe~Gesundheitspsychologin/
GetränketechnikerIn;/berufe/3598-GetraenketechnikerIn/
Getreidebauer/-bäuerin;/berufe/1938-Getreidebauer-baeuerin/
GewerblicheR MasseurIn;/berufe/2788-GewerblicheR-MasseurIn/
GhostwriterIn;/berufe/3101-GhostwriterIn/
GießereitechnikerIn;/berufe/3267-GiessereitechnikerIn/
GipsassistentIn;/berufe/3321-GipsassistentIn/
GlasbautechnikerIn - Hauptmodul Glasbau;/berufe/3420-GlasbautechnikerIn-Hauptmodul_Glasbau/
GlasbautechnikerIn - Hauptmodul Glaskonstruktionen;/berufe/3421-GlasbautechnikerIn-Hauptmodul_Glaskonstruktionen/
GlasbläserIn und GlasinstrumentenerzeugerIn;/berufe/75-GlasblaeserIn-GlasinstrumentenerzeugerIn/
GlasgestalterIn;/berufe/1887-GlasgestalterIn/
GlasmacherIn;/berufe/242-GlasmacherIn/
GlastechnikerIn;/berufe/3841-GlastechnikerIn/
GlasverfahrenstechnikerIn - Schwerpunkt Flachglasveredelung;/berufe/3491-GlasverfahrenstechnikerIn_Schwerpunkt_Flachglasveredelung/
GlasverfahrenstechnikerIn - Schwerpunkt Hohlglasproduktion;/berufe/3490-GlasverfahrenstechnikerIn-Schwerpunkt_Hohlglasproduktion/
GleisbautechnikerIn;/berufe/3316-GleisbautechnikerIn/
Gold- und SilberschmiedIn und JuwelierIn;/berufe/79-GoldschmiedIn-SilberschmiedIn-JuwelierIn/
Gold-, Silber- und PerlenstickerIn;/berufe/78-GoldstickerIn-SilberstickerIn-PerlenstickerIn/
GolflehrerIn;/berufe/2819-GolflehrerIn/
GrafikdesignerIn;/berufe/1995-Grafik-DesignerIn/
GrafikerIn;/berufe/2331-GrafikerIn/
GreenkeeperIn;/berufe/2875-GreenkeeperIn/
Großhandelskaufmann/-frau;/berufe/80-Grosshandelskaufmann~Grosshandelskauffrau/
Ground Host/ Ground Hostess;/berufe/2904-Ground-Host~Gound-Hostess/
GutsverwalterIn;/berufe/1856-GutsverwalterIn/
GymnastiktrainerIn;/berufe/2789-GymnastiktrainerIn/
HafenmeisterIn;/berufe/2905-HafenmeisterIn/
HafnerIn;/berufe/82-HafnerIn/
HalbleitertechnikerIn;/berufe/1806-HalbleitertechnikerIn/
HandelsagentIn;/berufe/2159-HandelsvertreterIn/
Handelsgehilfe/-gehilfin;/berufe/2813-Handelsgehilfe-Handelsgehilfin/
Handelskaufmann/-frau;/berufe/1954-Handelskaufmann~Handelskauffrau/
HandelsvertreterIn;/berufe/2805-HandelsvertreterIn/
HandschuhmacherIn;/berufe/83-HandschuhmacherIn/
Hardware-EntwicklerIn;/berufe/1825-Hardware-EntwicklerIn/
HardwareentwicklerIn;/berufe/2732-HardwareentwicklerIn/
HarmonikamacherIn;/berufe/84-HarmonikamacherIn/
HausbetreuerIn;/berufe/2877-HausbetreuerIn/
HaushälterIn;/berufe/2934-HaushaelterIn/
Haushaltshilfe (m/w);/berufe/2878-Haushaltshilfe/
HaustechnikerIn;/berufe/1841-HaustechnikerIn/
Hebamme (m/w);/berufe/2978-Hebamme/
HeeresbergführerIn;/berufe/3795-HeeresbergfuehrerIn/
HeilmasseurIn;/berufe/2790-HeilmasseurIn/
HeimhelferIn;/berufe/2866-HeimhelferIn/
HeraldikerIn;/berufe/2231-HeraldikerIn/
HistorikerIn;/berufe/2225-HistorikerIn/
HistorikerIn - Alte Geschichte;/berufe/2226-HistorikerIn-Alte-Geschichte/
HistorikerIn - Kulturgeschichte;/berufe/2227-HistorikerIn-Kulturgeschichte/
HochbauerIn;/berufe/3516-HochbauerIn/
HochbauspezialistIn - Schwerpunkt Neubau;/berufe/3517-HochbauspezialistIn-Schwerpunkt_Neubau/
HochbauspezialistIn - Schwerpunkt Sanierung;/berufe/3518-HochbauspezialistIn-Schwerpunkt_Sanierung/
HochbautechnikerIn;/berufe/1672-HochbautechnikerIn/
HochschullehrerIn;/berufe/2441-HochschullehrerIn/
HochschullektorIn;/berufe/2435-HochschullektorIn/
HofberaterIn;/berufe/1939-HofberaterIn/
HöhlenführerIn;/berufe/2820-HoehlenfuehrerIn/
HohlglasveredlerIn - Glasmalerei;/berufe/87-HohlglasveredlerIn-Glasmalerei/
HohlglasveredlerIn - Gravur;/berufe/88-HohlglasveredlerIn-Gravur/
HohlglasveredlerIn - Kugeln;/berufe/89-HohlglasveredlerIn-Kugeln/
HolzbautechnikerIn;/berufe/1896-HolzbautechnikerIn/
HolzbetriebstechnikerIn;/berufe/2102-HolzbetriebstechnikerIn/
HolzblasinstrumentenerzeugerIn;/berufe/92-HolzblasinstrumentenerzeugerIn/
HolzdesignerIn;/berufe/1888-HolzdesignerIn/
Holzkaufmann/-frau;/berufe/1898-Holzkaufmann~Holzkauffrau/
HolztechnikerIn;/berufe/3104-HolztechnikerIn/
HolztechnikerIn - Hauptmodul Fertigteilproduktion;/berufe/3422-HolztechnikerIn-Hauptmodul_Fertigteilproduktion/
HolztechnikerIn - Hauptmodul Sägetechnik;/berufe/3423-HolztechnikerIn-Hauptmodul_Saegetechnik/
HolztechnikerIn - Hauptmodul Werkstoffproduktion;/berufe/3424-HolztechnikerIn-Hauptmodul_Werkstoffproduktion/
HolzwirtIn;/berufe/2614-HolzwirtIn/
Home Stager (m/w);/berufe/3793-HomeStager/
HörgeräteakustikerIn;/berufe/86-HoergeraeteakustikerIn/
Hortpädagoge/-pädagogin;/berufe/3615-Hortpaedagoge~Hortpaedagogin/
Host/Hostess;/berufe/3607-Host-Hostess/
Hotel- und GastgewerbeassistentIn;/berufe/93-HotelassistentIn-GastgewerbeassistentIn/
Hotel- und Restaurantfachmann/-frau;/berufe/3539-Hotel-_und_Restaurantfachmann_frau/
Hotelkaufmann/-frau;/berufe/1871-Hotelkaufmann~Hotelkauffrau/
Hotelkaufmann/-frau (Lehrberuf);/berufe/3360-Hotelkaufmann_-frau_Lehrberuf/
HotelmanagerIn;/berufe/3548-HotelmanagerIn/
HR-ManagerIn;/berufe/2049-HR-ManagerIn/
HubschrauberpilotIn;/berufe/2907-HubschrauberpilotIn/
HufschmiedIn;/berufe/3269-HufschmiedIn/
Humanbiologe/Humanbiologin;/berufe/2601-Humanbiologe~Humanbiologin/
HumangenetikerIn;/berufe/3298-HumangenetikerIn/
HumangeografIn;/berufe/2716-HumangeografIn/
Humanökologe/-ökologin;/berufe/3178-HumanoekologIn/
HundeführerIn;/berufe/2889-HundefuehrerIn/
HundekosmetikerIn;/berufe/2836-HundekosmetikerIn/
HundetrainerIn;/berufe/2835-HundetrainerIn/
HydrotechnikerIn;/berufe/2731-HydrotechnikerIn/
IllustratorIn;/berufe/3605-IllustratorIn/
ImmobilienfondsverwalterIn;/berufe/1901-ImmobilienfondsverwalterIn/
Immobilienkaufmann/-frau;/berufe/1903-Immobilienkaufmann~Immobilienkauffrau/
Immobilienkaufmann/-frau - Schwerpunkt Bauträger;/berufe/3540-Immobilienkaufmann_frau-Schwerpunkt_Bautraeger/
Immobilienkaufmann/-frau - Schwerpunkt Makler;/berufe/3541-Immobilienkaufmann_frau-Schwerpunkt_Makler/
Immobilienkaufmann/-frau - Schwerpunkt Verwalter;/berufe/3542-Immobilienkaufmann_frau-Schwerpunkt_Verwalter/
ImmobilienmaklerIn;/berufe/3227-ImmobilienmaklerIn/
ImmobilienverwalterIn;/berufe/3106-ImmobilienverwalterIn/
Incentive ManagerIn;/berufe/2956-Incentive-ManagerIn/
Indologe/Indologin;/berufe/2303-Indologe~Indologin/
Industrial DesignerIn;/berufe/2330-Industrial-DesignerIn/
Industrial-DesignerIn;/berufe/2103-Industrial-DesignerIn/
Industriekaufmann/-frau;/berufe/97-Industriekaufmann~Industriekauffrau/
Industriekletterer/-kletterin;/berufe/3228-Industriekletterer~Industriekletterin/
IndustrietaucherIn;/berufe/3623-IndustrietaucherIn/
Influencer (m/w);/berufe/3715-Influencer/
InformatikerIn;/berufe/3657-InformatikerIn/
Informations- und KommunikationstechnikerIn;/berufe/1816-Informations-undKommunikationstechnikerIn/
InformationsbrokerIn;/berufe/2715-InformationsbrokerIn/
InformationsdesignerIn;/berufe/3700-InformationsdesignerIn/
InformationsmanagerIn;/berufe/2717-InformationsmanagerIn/
InformationstechnikerIn;/berufe/3112-InformationstechnikerIn/
Informationstechnolog(e)in - Schwerpunkt Betriebstechnik;/berufe/3502-InformationstechnologIn-Betriebstechnik/
Informationstechnolog(e)in - Schwerpunkt Systemtechnik;/berufe/3501-InformationstechnologIn-Systemtechnik/
InklusiveR Elementarpädagoge/-pädagogin;/berufe/1922-InklusiveR_Elementarpaedagoge-paedagogin/
InklusiveR Sozialpädagoge/-pädagogin;/berufe/2262-Sonderpaedagoge~Sonderpaedagogin/
InnenarchitektIn;/berufe/2322-InnenarchitektIn/
InnenausbauerIn;/berufe/1790-InnenausbauerIn/
InnovationsmanagerIn;/berufe/3114-InnovationsmanagerIn/
InnovationstechnikerIn;/berufe/2104-InnovationstechnikerIn/
InspizientIn;/berufe/2363-InspizientIn/
Installations- und GebäudetechnikerIn - Hauptmodul Gas- und Sanitärtechnik;/berufe/3425-InstallationstechnikerIn_und_GebaeudetechnikerIn-Hauptmodul_Gastechnik_und_Sanitaertechnik/
Installations- und GebäudetechnikerIn - Hauptmodul Heizungstechnik;/berufe/3426-InstallationstechnikerIn_und_GebaeudetechnikerIn-Hauptmodul_Heizungstechnik/
Installations- und GebäudetechnikerIn - Hauptmodul Lüftungstechnik;/berufe/3427-InstallationstechnikerIn_und_GebaeudetechnikerIn-Hauptmodul_Lueftungstechnik/
InstandhaltungstechnikerIn;/berufe/3676-InstandhaltungstechnikerIn/
InstrumentalmusikerIn;/berufe/2377-InstrumentalmusikerIn/
IntendantIn;/berufe/2364-IntendantIn/
InteressenvertreterIn;/berufe/2507-InteressenvertreterIn/
InteressenvertreterIn für NGO`s;/berufe/2508-InteressenvertreterIn-NGO/
Interkultureller Pädagoge/Interkulturelle Pädagogin;/berufe/2257-Paedagoge~Paedagogin-Interkulturell/
Interkultureller Trainer/Interkulturelle Trainerin;/berufe/2562-InterkulturelleR-TrainerIn/
InterviewerIn;/berufe/2848-InterviewerIn/
Inventory ControllerIn;/berufe/2556-Inventory-ControllerIn/
IT Sales ManagerIn;/berufe/2689-IT-Sales-ManagerIn/
IT Security Consultant (m/w);/berufe/3653-IT-Security-Consultant-%28m-w%29/
IT-AnalytikerIn;/berufe/1817-IT-AnalytikerIn/
IT-Consultant (m/w);/berufe/3575-IT-Consultant/
IT-ElektronikerIn;/berufe/3115-IT-ElektronikerIn/
IT-ForensikerIn;/berufe/3348-IT-ForensikerIn/
IT-NetzwerktechnikerIn;/berufe/2034-IT-NetzwerktechnikerIn/
IT-OrganisationsberaterIn;/berufe/2683-IT-OrganisationsberaterIn/
IT-OrganisatorIn;/berufe/1827-IT-OrganisatorIn/
IT-ProjektleiterIn;/berufe/2724-IT-ProjektleiterIn/
IT-ProjektmanagerIn;/berufe/3648-IT-ProjektmanagerIn/
IT-QualitätsmanagerIn;/berufe/2726-IT-QualitaetsmanagerIn/
IT-ServicetechnikerIn;/berufe/1823-IT-ServicetechnikerIn/
IT-SicherheitsmanagerIn;/berufe/3350-IT-SicherheitsmanagerIn/
IT-Support-MitarbeiterIn;/berufe/3643-IT-Support-MitarbeiterIn/
IT-SystemadministratorIn;/berufe/3641-IT-SystemadministratorIn/
IT-TestmanagerIn;/berufe/2728-IT-TestmanagerIn/
Japanologe/Japanologin;/berufe/2304-Japanologe~Japanologin/
JournalistIn;/berufe/2849-JournalistIn/
JudaistIn;/berufe/2305-JudaistIn/
Jugendcoach (m/w);/berufe/3790-Jugendcoach/
JuristIn;/berufe/2519-JuristIn/
JuristIn - Schwerpunkt Fremden- und Asylrecht;/berufe/3342-JuristIn-Fremdenrecht-Asylrecht/
JuristIn - Schwerpunkt Interessenvertretungen;/berufe/2532-JuristIn-Interessenvertretungen/
JuristIn - Schwerpunkt Medienrecht;/berufe/3339-JuristIn-Medienrecht/
JuristIn - Schwerpunkt Medizinrecht;/berufe/3341-JuristIn-Medizinrecht/
JuristIn - Schwerpunkt Steuerrecht;/berufe/3340-JuristIn-Steuerrecht/
JuristIn (Rechtsgeschichte);/berufe/2984-JuristIn-Rechtsgeschichte/
JuristIn (Rechtsinformatik);/berufe/2530-JuristIn-Rechtsinformatik/
JuristIn (Strafrecht);/berufe/3117-JuristIn-Strafrecht/
JuristIn (Urheberrecht);/berufe/3343-JuristIn-Urheberrecht/
JuristIn (Verfassung);/berufe/2983-JuristIn-Verfassung/
JuristIn (Verwaltung);/berufe/2521-JuristIn-Verwaltung/
JuristIn (Zivilrecht);/berufe/3217-JuristIn-Zivilrecht/
KabarettistIn;/berufe/3776-KabarettistIn/
KalkulantIn;/berufe/2771-KalkulantIn/
KälteanlagentechnikerIn;/berufe/1843-KaelteanlagentechnikerIn/
Kameramann/-frau;/berufe/3624-Kameramann-frau/
Kameramann/Kamerafrau;/berufe/2349-Kameramann~Kamerafrau/
KanalräumerIn;/berufe/3229-KanalraeumerIn/
KanzleiassistentIn - Schwerpunkt Notariatskanzlei;/berufe/3543-KanzleiassistentIn-Schwerpunkt_Notariatskanzlei/
KanzleiassistentIn - Schwerpunkt Rechtsanwaltskanzlei;/berufe/3544-KanzleiassistentIn-Schwerpunkt_Rechtsanwaltskanzlei/
KarosseriebautechnikerIn;/berufe/104-KarosseriebautechnikerIn/
KartografIn;/berufe/2713-KartografIn/
KartonagewarenerzeugerIn;/berufe/107-KartonagewarenerzeugerIn/
KatastrophenmanagerIn;/berufe/3118-KatastrophenmanagerIn/
Katholischer Pfarrer;/berufe/3526-Pfarrer-katholisch/
Keltologe/Keltologin;/berufe/2232-Keltologe~Keltologin/
KeramikdesignerIn;/berufe/1889-KeramikdesignerIn/
KeramikerIn;/berufe/3041-KeramikerIn/
KerammalerIn;/berufe/109-KerammalerIn/
Key Account ManagerIn;/berufe/2491-Key-Account-ManagerIn/
Key-Account-ManagerIn;/berufe/2178-Key-Account-ManagerIn/
KI-Consultant (m/w);/berufe/3854-KI-Consultant/
KI-EntwicklerIn;/berufe/3853-KI-EntwicklerIn/
KI-ForscherIn;/berufe/3855-KI-ForscherIn/
Kinder- und JugendberaterIn;/berufe/3305-KinderberaterIn-JugendberaterIn/
KinderbetreuerIn;/berufe/2868-KinderbetreuerIn/
KindergartenassistentIn;/berufe/3280-KindergartenassistentIn/
KindergruppenbetreuerIn;/berufe/2871-KindergruppenbetreuerIn/
Kinesiologe/Kinesiologin;/berufe/3306-KinesiologIn/
Kinoservicekraft;/berufe/2935-Kinoservicekraft/
KirchenmusikerIn;/berufe/2378-KirchenmusikerIn/
KlärwartIn;/berufe/3531-KlaerwartIn/
KlavierbauerIn;/berufe/111-KlavierbauerIn/
KlimatechnikerIn;/berufe/1842-KlimatechnikerIn/
Klimatologe/Klimatologin;/berufe/3347-Klimatologe~Klimatologin/
KlinikreferentIn;/berufe/2012-KlinikreferentIn/
Klinischer Chemiker/Klinische Chemikerin;/berufe/3119-KlinischeR-ChemikerIn/
Klinischer Linguist/Klinische Linguistin;/berufe/3120-KlinischeR-LinguistIn/
Klinischer Psychologe/Klinische Psychologin;/berufe/2269-Klinischer-Psychologe~Klinische-Psychologin/
Koch/Köchin;/berufe/112-Koch~Koechin/
KognitionswissenschafterIn;/berufe/3335-KognitionswissenschafterIn/
KommunalmanagerIn;/berufe/3121-KommunalmanagerIn/
KommunikationselektronikerIn;/berufe/2997-KommunikationselektronikerIn/
KommunikationsmanagerIn;/berufe/3122-KommunikationsmanagerIn/
Kommunikationspsychologe/Kommunikationspsychologin;/berufe/3123-Kommunikationspsychologe~Kommunikationspsychologin/
KommunikationstechnikerIn;/berufe/3124-KommunikationstechnikerIn/
KommunikationswissenschafterIn;/berufe/2247-KommunikationswissenschafterIn/
KomponistIn;/berufe/2379-KomponistIn/
KonditorIn (ZuckerbäckerIn) - Schwerpunkt Allgemeine Konditorei;/berufe/3632-KonditorIn-ZuckerbaeckerIn-Schwerpunkt_Allgemeine_Konditorei/
KonditorIn (ZuckerbäckerIn) - Schwerpunkt Patisserie;/berufe/3633-KonditorIn-ZuckerbaeckerIn-Schwerpunkt_Patisserie/
KonferenzdolmetscherIn;/berufe/2293-DolmetscherIn-Konferenzdolmetschen/
KongressmanagerIn;/berufe/2221-KongressmanagemerIn/
KonservatorIn;/berufe/2336-KonservatorIn/
KonstrukteurIn;/berufe/251-KonstrukteurIn/
KonstrukteurIn im Maschinen- und Anlagenbau;/berufe/3283-KonstrukteurIn-Maschinen-und-Anlagenbau/
KonsumentenberaterIn;/berufe/3258-KonsumentenberaterIn/
KonzepterIn;/berufe/2354-KonzepterIn/
Koreanologe/Koreanologin;/berufe/2964-Koreanologe~Koreanologin/
KorrepetitorIn;/berufe/2380-KorrepetitorIn/
KosmetikerIn;/berufe/3567-KosmetikerIn/
KosmetikerIn (auslaufend ab 1.2.2024);/berufe/119-KosmetikerIn/
KosmetikerIn (Kosmetologe/Kosmetologin) (gültig ab 1.2.2024);/berufe/5822-KosmetikerIn_%28Kosmetologe_Kosmetologin%29/
KosmetikerIn (Kosmetologe/Kosmetologin) / FußpflegerIn (Podologe/Podologin) (gültig ab 1.2.2024);/berufe/5823-KosmetikerIn_FupflegerIn/
KostümbildnerIn;/berufe/2345-KostuembildnerIn/
KraftfahrzeugtechnikerIn - Hauptmodul Motorradtechnik;/berufe/3437-KraftfahrzeugtechnikerIn-Hauptmodul_Motorradtechnik/
KraftfahrzeugtechnikerIn - Hauptmodul Nutzfahrzeugtechnik;/berufe/3438-KraftfahrzeugtechnikerIn-Hauptmodul_Nutzfahrzeugtechnik/
KraftfahrzeugtechnikerIn - Hauptmodul Personenkraftwagentechnik;/berufe/3439-KraftfahrzeugtechnikerIn-Hauptmodul_Personenkraftwagentechnik/
KranführerIn;/berufe/2762-KranfuehrerIn/
KrankenhausapothekerIn;/berufe/3126-KrankenhausapothekerIn/
KrankenhaustechnikerIn;/berufe/2013-KrankenhaustechnikerIn/
KriminologIn;/berufe/3336-KriminologIn/
KristallografIn;/berufe/2707-KristallografIn/
KryptografIn;/berufe/2750-KryptografIn/
Küchengehilfe/-gehilfin;/berufe/3231-Kuechengehilfe~Kuechengehilfin/
KulissenmalerIn;/berufe/3127-KulissenmalerIn/
Kultur- und Sozialanthropologe/Kultur- und Sozialanthropologin ;/berufe/2240-Kulturanthropologe~Kulturanthropologin-Sozialanthropologe~Sozialanthropologin-Ethnologia-Europaea/
KulturjournalistIn;/berufe/2245-KulturjournalistIn/
KulturmanagerIn;/berufe/3608-KulturmanagerIn/
Kulturpädagoge/Kulturpädagogin;/berufe/3131-Kulturpaedagoge~Kulturpaedagogin/
KulturtechnikerIn;/berufe/2619-KulturtechnikerIn/
KulturtechnikerIn für Wildbach- und Lawinenverbauung;/berufe/3850-KulturtechnikerInfuerWildbach-undLawinenverbauung/
KulturvermittlerIn;/berufe/3806-KulturvermittlerIn/
KundenbetreuerIn;/berufe/1693-KundenbetreuerIn/
KunstberaterIn;/berufe/3135-KunstberaterIn/
KunstgrafikerIn;/berufe/2325-KunstgrafikerIn/
KunsthistorikerIn;/berufe/2235-KunsthistorikerIn/
KunstkeramikerIn;/berufe/2327-KunstkeramikerIn/
KünstlerInnen-AgentIn;/berufe/3134-KuenstlerInnen-AgentIn/
KunstmalerIn;/berufe/1774-KunstmalerIn/
Kunstpädagoge/Kunstpädagogin;/berufe/2968-Kunstpaedagoge~Kunstpaedagogin/
KunststofftechnikerIn;/berufe/2663-KunststofftechnikerIn/
Kunststofftechnologe/-technologin;/berufe/3819-Kunststofftechnologie/
KunststoffverfahrenstechnikerIn;/berufe/122-KunststoffverfahrenstechnikerIn/
KunsttherapeutIn;/berufe/2370-KunsttherapeutIn/
KupferschmiedIn;/berufe/123-KupferschmiedIn/
KuratorIn;/berufe/3137-KuratorIn/
KybernetikerIn ;/berufe/2442-KybernetikerIn/
KybernetikerIn in der Automatisierungstechnik;/berufe/3055-KybernetikerIn_Automatisierungstechnik/
LaborassistentIn;/berufe/3322-LaborassistentIn/
LabortechnikerIn - Hauptmodul Biochemie;/berufe/3361-LabortechnikerIn-Hauptmodul_Biochemie/
LabortechnikerIn - Hauptmodul Chemie;/berufe/3362-LabortechnikerIn-Hauptmodul_Chemie/
LabortechnikerIn - Hauptmodul Lack- und Anstrichmittel;/berufe/3363-LabortechnikerIn-Hauptmodul_Lackmittel_und_Anstrichmittel/
LackiertechnikerIn;/berufe/3317-LackiertechnikerIn/
LadenkassierIn;/berufe/2806-LadenkassierIn/
LadnerIn;/berufe/2807-LadnerIn/
LagerarbeiterIn;/berufe/2808-LagerarbeiterIn/
LagerverwalterIn;/berufe/1784-LagerverwalterIn/
Land- und BaumaschinentechnikerIn;/berufe/1664-Land-und-BaumaschinentechnikerIn/
Land- und BaumaschinentechnikerIn - Schwerpunkt Baumaschinen;/berufe/3364-LandmaschinentechnikerIn_und_BaumaschinentechnikerIn-Schwerpunkt_Baumaschinen/
Land- und BaumaschinentechnikerIn - Schwerpunkt Landmaschinen;/berufe/3365-LandmaschinentechnikerIn_und_BaumaschinentechnikerIn-Schwerpunkt_Landmaschinen/
LandschaftsgärtnerIn;/berufe/3281-LandschaftsgaertnerIn/
LandschaftsplanerIn;/berufe/2338-LandschaftsplanerIn/
LandwirtIn;/berufe/1940-LandwirtIn/
LandwirtIn für Agrotourismus;/berufe/1943-LandwirtIn_fuer_Agrotourismus/
LandwirtIn für Digital Farming;/berufe/3856-LandwirtIn_fuer_Digital_Farming/
LandwirtIn für Direktvermarktung;/berufe/1941-LandwirtschaftlicheR-DirektvermarkterIn/
LandwirtschaftstechnikerIn;/berufe/3834-LandwirtschaftstechnikerIn/
Lasertechnologe/Lasertechnologin;/berufe/3010-Lasertechnologe~Lasertechnologin/
LauftrainerIn;/berufe/3794-LauftrainerIn/
LayouterIn;/berufe/3606-LayouterIn/
Lebens- und SozialberaterIn;/berufe/3233-LebensberaterIn-SozialberaterIn/
LebensmittelkontrolleurIn;/berufe/1718-LebensmittelkontrollorIn/
LebensmitteltechnikerIn;/berufe/3031-LebensmitteltechnikerIn/
Lebensmitteltechnologe/-technologin;/berufe/3282-Lebensmitteltechnologe-technologin/
LebzelterIn und WachszieherIn;/berufe/128-LebzelterIn-WachszieherIn/
LederwarendesignerIn;/berufe/2022-LederwarendesignerIn/
Legasthenie- und DyskalkulietrainerIn;/berufe/3625-Legasthenie-und_DyskalkulietrainerIn/
LehrerIn für die Primarstufe;/berufe/2755-LehrerIn_fuer_die_Primarstufe/
LehrerIn für die Primarstufe - Inklusive Pädagogik;/berufe/3724-LehrerIn-fuer-die-Primarstufe-Inklusive-Paedagogik/
LehrerIn für die Sekundarstufe Allgemeinbildung;/berufe/2408-LehrerIn-fuer-die-Sekundarstufe-Allgemeinbildung/
LehrerIn für die Sekundarstufe Allgemeinbildung - Bewegung und Sport;/berufe/2431-LehrerIn_Bewegung_und_Sport/
LehrerIn für die Sekundarstufe Allgemeinbildung - Bildnerische Erziehung;/berufe/2367-LehrerIn-Bildnerische-Erziehung/
LehrerIn für die Sekundarstufe Allgemeinbildung - Fremdsprachen;/berufe/2432-LehrerIn-Fremdsprachen/
LehrerIn für die Sekundarstufe Allgemeinbildung - Geisteswissenschaftliche Fächer;/berufe/2430-LehrerIn-Geisteswissenschaftliche-Unterrichtsfaecher/
LehrerIn für die Sekundarstufe Allgemeinbildung - Inklusive Pädagogik;/berufe/2756-LehrerIn_fuer_inklusive_Paedagogik/
LehrerIn für die Sekundarstufe Allgemeinbildung - Musikerziehung;/berufe/3723-LehrerIn-fuer-die-Sekundarstufe-Allgemeinbildung-Musikerziehung/
LehrerIn für die Sekundarstufe Allgemeinbildung - Naturwissenschaftliche Fächer;/berufe/2752-LehrerIn-Naturwissenschaftliche-Unterrichtsfaecher/
LehrerIn für die Sekundarstufe Allgemeinbildung - Technisches und textiles Werken;/berufe/2369-LehrerIn-Textiles-Gestalten-und-Werken/
LehrerIn für die Sekundarstufe Berufsbildung;/berufe/2429-LehrerIn-fuer-die-Sekundarstufe-Berufsbildung/
LehrerIn für die Sekundarstufe Berufsbildung - Erziehung, Bildung und Entwicklungsbegleitung;/berufe/3725-LehrerIn-fuer-die-Sekundarstufe-Berufsbildung-Erziehung-Bildung-und-Entwicklungsbegleitung/
LehrerIn für die Sekundarstufe Berufsbildung - Forstwirtschaft;/berufe/3729-LehrerIn-fuer-die-Sekundarstufe-Berufsbildung-Forstwirtschaft/
LehrerIn für die Sekundarstufe Berufsbildung - Information und Kommunikation;/berufe/3029-LehrerIn-Fachbereich-Information-und-Kommunikation-an-berufsbildenden-mittleren-und-hoeheren-Schulen/
LehrerIn für die Sekundarstufe Berufsbildung - Landwirtschaft;/berufe/3028-LehrerIn-fuer-die-Sekundarstufe-Berufsbildung-Landwirtschaft/
LehrerIn für die Sekundarstufe Berufsbildung - Mode und Design;/berufe/3026-LehrerIn-Fachbereich-Mode-und-Design-an-berufsbildenden-mittleren-und-hoeheren-Schulen/
LehrerIn für die Sekundarstufe Berufsbildung - Sozialbetreuungsberufe;/berufe/3726-LehrerIn-fuer-die-Sekundarstufe-Berufsbildung-Sozialbetreuungsberufe/
LehrerIn für die Sekundarstufe Berufsbildung - Technik und Gewerbe;/berufe/3027-LehrerIn-fuer-die-Sekundarstufe-Berufsbildung-Technik-und-Gewerbe/
LehrerIn für die Sekundarstufe Berufsbildung - Tourismus;/berufe/3727-LehrerIn-fuer-die-Sekundarstufe-Berufsbildung-Tourismus/
LehrerIn für die Sekundarstufe Berufsbildung - Wirtschaft;/berufe/3728-LehrerIn-fuer-die-Sekundarstufe-Berufsbildung-Wirtschaft/
LehrwartIn;/berufe/2821-LehrwartIn/
LeistungselektronikerIn;/berufe/1807-LeistungselektronikerIn/
LeistungssportlerIn;/berufe/3609-LeistungssportlerIn/
Lerncoach (m/w);/berufe/3307-Lerncoach/
LichttechnikerIn;/berufe/3710-LichttechnikerIn/
LiftwartIn;/berufe/2906-LiftwartIn/
Limnologe/Limnologin;/berufe/3851-Limnologin_Limnologe/
LiteraturwissenschafterIn;/berufe/2237-LiteraturwissenschafterIn/
Lkw-FahrerIn;/berufe/2895-Lkw-FahrerIn/
LogistikerIn;/berufe/1964-LogistikerIn/
LogistikmanagerIn;/berufe/3546-LogistikmanagerIn/
LogistikplanerIn;/berufe/3568-LogistikplanerIn/
Logopäde/Logopädin;/berufe/2459-Logopaede~Logopaedin/
LuftfahrzeugtechnikerIn;/berufe/3481-LuftfahrzeugtechnikerIn/
LuftverkehrsmanagerIn;/berufe/3837-LuftverkehrsmanagerIn/
MetallurgIn - Gießereitechnik;/berufe/2740-MetallurgIn-Giessereitechnik/
MetallurgIn - Hüttentechnik;/berufe/2738-MetallurgIn-Huettentechnik/
MetallurgIn - Metallhüttentechnik;/berufe/2741-MetallurgIn-Metallhuettentechnik/
MetallurgIn und UmformtechnikerIn;/berufe/3373-MetallurgIn_und_UmformtechnikerIn/
Meteorologe/Meteorologin;/berufe/2725-Meteorologe~Meteorologin/
MiedererzeugerIn;/berufe/143-MiedererzeugerIn/
Mikrobiologe/Mikrobiologin;/berufe/2607-Mikrobiologe~Mikrobiologin/
MikroelektronikerIn;/berufe/3148-MikroelektronikerIn/
MikrosystemtechnikerIn;/berufe/2681-MikrosystemtechnikerIn/
MikrotechnikerIn;/berufe/2676-MikrotechnikerIn/
Milchtechnologe/-technologin;/berufe/3482-Milchtechnologe~Milchtechnologin/
Mineraloge/Mineralogin;/berufe/2999-Mineraloge~Mineralogin/
MineurIn;/berufe/2763-MineurIn/
MitarbeiterIn in der Problemstoffsammlung;/berufe/3234-MitarbeiterIn-in-der-Problemstoffsammlung/
MöbelmonteurIn;/berufe/3309-MoebelmonteurIn/
MobilitätsberaterIn;/berufe/3149-MobilitaetsberaterIn/
Mobilitätsservicekaufmann/-frau;/berufe/255-Mobilitaetsservicekaufmann~Mobilitaetsservicekauffrau/
ModeberaterIn;/berufe/3840-ModeberaterIn/
ModedesignerIn;/berufe/2340-ModedesignerIn/
ModeeinkäuferIn;/berufe/2126-ModeeinkaeuferIn/
ModeratorIn;/berufe/2852-ModeratorIn/
Molekularbiologe/-biologin;/berufe/2608-Molekularbiologe~Molekularbiologin/
Molkerei- und Käsereifachkraft;/berufe/3597-Molkerei-Kaesereifachkraft/
MotorradmechanikerIn;/berufe/3681-MotorradmechanikerIn/
MüllauflegerIn;/berufe/2879-MuellauflegerIn/
Multimedia-AutorIn;/berufe/2332-Multimedia-AutorIn/
Multimedia-DesignerIn;/berufe/1998-Multimedia-DesignerIn/
Multimedia-KonzepterIn;/berufe/1999-Multimedia-KonzepterIn/
Multimedia-ProducerIn;/berufe/2000-Multimedia-ProducerIn/
Multimedia-ProjektmanagerIn;/berufe/3702-Multimedia-ProjektmanagerIn/
Museologe/Museologin;/berufe/3022-Museologe~Museologin/
MuseumsaufseherIn;/berufe/2853-MuseumsaufseherIn/
MusicaldarstellerIn;/berufe/3151-MusicaldarstellerIn/
MusikerIn;/berufe/2938-MusikerIn/
MusikerIn - Elektroakustische Musik;/berufe/2376-MusikerIn-Elektroakustische-Musik/
MusikinstrumentenerzeugerIn;/berufe/1892-MusikinstrumentenerzeugerIn/
Musikpädagoge/Musikpädagogin;/berufe/2368-Musikpaedagoge~Musikpaedagogin/
MusiktherapeutIn;/berufe/2371-MusiktherapeutIn/
MusikwissenschafterIn;/berufe/2236-MusikwissenschafterIn/
NachhaltigkeitsbeauftragteR;/berufe/3822-NachhaltigkeitsbeauftragteR/
NachhaltigkeitsmanagerIn;/berufe/3861-NachhaltigkeitsmanagerIn/
NachmittagsbetreuerIn;/berufe/3235-NachmittagsbetreuerIn/
NachrichtentechnikerIn;/berufe/3286-NachrichtentechnikerIn/
NachrichtentechnikerIn für Funktechnik;/berufe/1909-NachrichtentechnikerInfrFunktechnik/
Nah- und DistributionslogistikerIn;/berufe/3511-Nah-_und_DistributionslogistikerIn/
NäherIn;/berufe/3708-NaeherIn/
NanotechnikerIn;/berufe/2680-NanotechnikerIn/
NationalparkrangerIn;/berufe/3236-NationalparkrangerIn/
NaturraummanagerIn;/berufe/2988-NaturraummanagerIn/
NederlandistIn;/berufe/2965-NederlandistIn/
NetzwerkadministratorIn;/berufe/2696-NetzwerkadministratorIn/
NetzwerktechnikerIn;/berufe/2695-NetzwerktechnikerIn/
Neuropsychologe/Neuropsychologin;/berufe/3152-Neuropsychologe~Neuropsychologin/
NotarIn;/berufe/2533-NotarIn/
NumismatikerIn;/berufe/2233-NumismatikerIn/
ObduktionsassistentIn;/berufe/3324-ObduktionsassistentIn/
OberflächentechnikerIn;/berufe/2045-OberflaechentechnikerIn/
OberteilherrichterIn;/berufe/149-OberteilherrichterIn/
Obst- und GemüsekonserviererIn;/berufe/150-ObstkonserviererIn-GemuesekonserviererIn/
Obstbauer/-bäuerin;/berufe/1945-Obstbauer~Obstbaeuerin/
Ofenbau- und VerlegetechnikerIn;/berufe/3374-OfenbautechnikerIn_und_VerlegetechnikerIn/
Office Assistant (m/w);/berufe/2065-Office-Assistant/
Öko-AuditorIn;/berufe/2636-Oeko-AuditorIn/
Öko-DesignerIn;/berufe/3860-Oeko-DesignerIn/
Ökologe/Ökologin;/berufe/2629-Oekologe~Oekologin/
Ökotrophologe/Ökotrophologin;/berufe/2610-Oekotrophologe~Oekotrophologin/
Online-HändlerIn;/berufe/3156-Online-HaendlerIn/
Online-Marketing ManagerIn;/berufe/2546-Online-Marketing-ManagerIn/
Online-Marketing-ManagerIn;/berufe/3778-Online_Marketing_ManagerIn/
Online-RedakteurIn;/berufe/2249-Online-RedakteurIn/
OperationsassistentIn;/berufe/3325-OperationsassistentIn/
OptoelektronikerIn;/berufe/2996-OptoelektronikerIn/
OptotechnikerIn;/berufe/1991-OptotechnikerIn/
OrdinationsassistentIn;/berufe/3326-OrdinationsassistentIn/
Ordinationshilfe bei TierärztInnen;/berufe/2837-Ordinationshilfe-bei-TieraerztInnen/
OrgelbauerIn;/berufe/153-OrgelbauerIn/
OrthopädieschuhmacherIn;/berufe/154-OrthopaedieschuhmacherIn/
OrthopädietechnikerIn;/berufe/256-OrthopaedietechnikerIn/
OrthoptistIn;/berufe/2976-OrthoptistIn/
Outdoor-TrainerIn;/berufe/3237-Outdoor-TrainerIn/
OzeanografIn;/berufe/3001-OzeanografIn/
Pädagoge/Pädagogin;/berufe/2253-Paedagoge~Paedagogin/
Pädagoge/Pädagogin für Integrative Pädagogik;/berufe/2267-Paedagoge~Paedagogin-Integrative-Paedagogik/
Pädagogin/Pädagoge in einer SOS-Kinderdorf-Familie;/berufe/3616-Paedagogin_Paedagoge_in_einer_SOS-Kinderdorf-Familie/
PädagogischeR AssistentIn;/berufe/3698-SozialpdagogischeRAssistentIn/
Pädagogischer Psychologe/Pädagogische Psychologin;/berufe/3294-Pdagogischer-Psychologe~Pdagogische-Psychologin/
Paläobiologe/-biologin;/berufe/3523-Palobiologe-Palobiologin/
PaläografIn;/berufe/2234-PalaeografIn/
Paläontologe/Paläontologin;/berufe/2602-Palaeontologe_Palaeontologin/
PapiertechnikerIn;/berufe/155-PapiertechnikerIn/
Patentanwalt/Patentanwältin;/berufe/2985-Patentanwalt~Patentanwaeltin/
PatentassessorIn;/berufe/3159-PatentassessorIn/
Personal-ControllerIn;/berufe/3160-Personal-ControllerIn/
Personal-TrainerIn;/berufe/2091-Personal-TrainerIn/
Personaldienstleistungskaufmann/-frau;/berufe/3579-Personaldienstleistungskaufmann~Personaldienstleistungskauffrau/
PersonalentwicklerIn;/berufe/3014-PersonalentwicklerIn/
PersonalmanagerIn;/berufe/2483-PersonalmanagerIn/
PersonalreferentIn;/berufe/2486-PersonalreferentIn/
PersonalsachbearbeiterIn;/berufe/2048-PersonalsachbearbeiterIn/
PersonalverrechnerIn;/berufe/2939-PersonalverrechnerIn/
PersonalverwaltungsassistentIn;/berufe/3238-PersonalverwaltungsassistentIn/
PersonenbetreuerIn in der 24-Stunden-Betreuung;/berufe/3239-PersonenbetreuerIn-24-Stunden-Betreuung/
PersönlicheR AssistentIn;/berufe/3769-PersoenlicheR_AssistentIn/
Petrologe/Petrologin;/berufe/3000-Petrologe_Petrologin/
Pflasterer/Pflasterin;/berufe/157-Pflasterer~Pflasterin/
PflegeassistentIn;/berufe/3620-PflegeassistentIn/
PflegeassistentIn (Lehrberuf);/berufe/3832-PflegeassistentIn_Lehrberuf/
PflegefachassistentIn;/berufe/3484-PflegefachassistentIn/
PflegefachassistentIn (Lehrberuf);/berufe/3833-PflegefachassistentIn_Lehrberuf/
PflegemanagerIn;/berufe/2970-PflegemanagerIn/
PflegewissenschafterIn;/berufe/2971-PflegewissenschafterIn/
Pharmakologe/Pharmakologin;/berufe/2471-Pharmakologe~Pharmakologin/
Pharmakologe/Pharmakologin - Schwerpunkt Drug Safety;/berufe/2474-Pharmakologe~Pharmakologin-Drug-Safety/
Pharmakologe/Pharmakologin - Schwerpunkt Produktmanagement;/berufe/2473-Pharmakologe~Pharmakologin-Produktmanagement-Produktmarketing/
PharmareferentIn;/berufe/2941-PharmareferentIn/
Pharmatechnolog(e)in;/berufe/3032-Pharmatechnologe~Pharmatechnologin/
PharmazeutIn;/berufe/2460-PharmazeutIn/
PharmazeutIn - Schwerpunkt Pharmakognosie;/berufe/2462-PharmazeutIn-Pharmakognosie/
PharmazeutIn - Schwerpunkt Pharmazeutische Chemie;/berufe/2467-PharmazeutIn-Pharmazeutische-Chemie/
PharmazeutIn - Schwerpunkt Pharmazeutische Technologie;/berufe/2469-PharmazeutIn-Pharmazeutische-Technologie/
Pharmazeutisch-kaufmännisch(er/e) AssistentIn;/berufe/158-Pharmazeutisch-kaufmaennischeR-AssistentIn/
Philologe/Philologin - Schwerpunkt Klassische Philologie;/berufe/2314-Philologe~Philologin-Klassische-Philologie-Latein-Altgriechisch/
PhilosophIn;/berufe/2250-PhilosophIn/
PhysikerIn;/berufe/2606-PhysikerIn/
PhysiotherapeutIn;/berufe/2455-PhysiotherapeutIn/
PilatestrainerIn;/berufe/3240-PilatestrainerIn/
PilotIn;/berufe/2909-PilotIn/
PlakatiererIn;/berufe/2855-PlakatiererIn/
Platten- und FliesenlegerIn;/berufe/160-PlattenlegerIn-FliesenlegerIn/
PlatzmeisterIn;/berufe/2764-PlatzmeisterIn/
PolitikberaterIn;/berufe/3301-PolitikberaterIn/
PolitikwissenschaftlerIn;/berufe/2286-PolitikwissenschafterIn/
Polsterer/Polsterin;/berufe/161-Polsterer~Polsterin/
PolymerchemikerIn;/berufe/3163-PolymerchemikerIn/
PortierIn;/berufe/2881-PortierIn/
PostdienstleisterIn;/berufe/2910-PostdienstleisterIn/
PPS-TechnikerIn;/berufe/2059-PPS-TechnikerIn/
PR-AssistentIn;/berufe/2942-PR-AssistentIn/
PR-BeraterIn;/berufe/2243-PR-BeraterIn/
PräparatorIn;/berufe/165-PraeparatorIn/
PressesprecherIn;/berufe/2242-PressesprecherIn/
Priester;/berufe/3525-Priester-katholisch/
Print-ProducerIn;/berufe/2167-Print-ProducerIn/
PrivatdozentIn;/berufe/2438-PrivatdozentIn/
PrivatkundenberaterIn;/berufe/1658-PrivatkundenberaterIn/
ProduktionsleiterIn (Theater/Film/Fernsehen);/berufe/2365-ProduktionsleiterIn/
ProduktionsmanagerIn;/berufe/2585-ProduktionsmanagerIn/
ProduktionstechnikerIn;/berufe/2060-ProduktionstechnikerIn/
ProduktmanagerIn;/berufe/3576-ProduktmanagerIn/
ProduktmanagerIn für E-Mobilität;/berufe/3829-ProduktmanagerIn_E_Mobilitaet/
ProgrammiererIn;/berufe/3640-ProgrammiererIn/
ProjektassistentIn;/berufe/3581-ProjektassistentIn/
ProjektassistentIn im Bauwesen;/berufe/1676-ProjektassistentIn-Bauwesen/
ProjektmanagerIn;/berufe/2498-ManagerIn-Projektmanagement/
PromoterIn;/berufe/3241-PromoterIn/
ProzessleittechnikerIn;/berufe/1836-ProzessleittechnikerIn/
ProzessmanagerIn im Gesundheitswesen;/berufe/3166-ProzessmanagerIn-Gesundheitswesen/
ProzesstechnikerIn;/berufe/3375-ProzesstechnikerIn/
PrüffeldtechnikerIn;/berufe/3857-PrueffeldtechnikerIn/
PrüftechnikerIn;/berufe/2113-PrueftechnikerIn/
PrüftechnikerIn - Schwerpunkt Baustoffe;/berufe/3767-PrueftechnikerIn_-_Schwerpunkt_Baustoffe/
PrüftechnikerIn - Schwerpunkt Physik;/berufe/3768-PrueftechnikerIn_-_Schwerpunkt_Physik/
Psychologe/Psychologin;/berufe/2268-Psychologe~Psychologin/
PsychotherapeutIn;/berufe/2271-PsychotherapeutIn/
PublizistIn;/berufe/2248-PublizistIn/
PyrotechnikerIn;/berufe/2780-PyrotechnikerIn/
Qi-Gong-LehrerIn;/berufe/2798-Qi-Gong-LehrerIn/
QualitätsauditorIn;/berufe/2604-Qualitaets-AuditorIn/
QualitätsmanagerIn;/berufe/2603-QualitaetsmanagerIn/
QualitätsmanagerIn in der Biotechnologie;/berufe/3167-QualitaetsmanagerIn-Biotechnologie/
QualitätssicherungstechnikerIn;/berufe/2107-QualitaetssicherungstechnikerIn/
QualitätstechnikerIn;/berufe/2605-QualitaetstechnikerIn/
QualitätstechnikerIn im Fahrzeugbau;/berufe/1851-QualitaetstechnikerIn-Fahrzeugbau/
Radiologietechnologe/-technologin;/berufe/2454-Radiologietechnologe~Radiologietechnologin/
Ramp Agent (m/w);/berufe/3559-Ramp_Agent/
Rating AnalystIn;/berufe/3168-Rating-AnalystIn/
RauchfangkehrerIn;/berufe/168-RauchfangkehrerIn/
RaumgestalterIn;/berufe/1794-RaumgestalterIn/
RaumpflegerIn;/berufe/2882-RaumpflegerIn/
RaumplanerIn;/berufe/2343-RaumplanerIn/
Rechtsanwalt/-anwältin;/berufe/2534-Rechtsanwalt~Rechtsanwaeltin/
RechtspflegerIn;/berufe/2943-RechtspflegerIn/
RecyclingtechnikerIn;/berufe/2641-RecyclingtechnikerIn/
RedakteurIn;/berufe/2169-RedakteurIn/
REFA-TechnikerIn;/berufe/2944-REFA-TechnikerIn/
ReferentIn;/berufe/2510-ReferentIn/
RegalbetreuerIn;/berufe/2810-RegalbetreuerIn/
RegieassistentIn;/berufe/3242-RegieassistentIn/
RegionalmanagerIn im Tourismus;/berufe/3170-RegionalmanagerIn-Tourismus/
RegisseurIn (Fernsehen, Film, Theater, Oper, Video);/berufe/2366-RegisseurIn-Fernsehen-Film-Theater-Oper-Video/
Reifen- und VulkanisationstechnikerIn;/berufe/3486-ReifentechnikerIn-VulkanisationstechnikerIn/
ReinigungstechnikerIn;/berufe/3376-ReinigungstechnikerIn/
ReiseberaterIn;/berufe/2140-ReiseberaterIn/
ReisebüroassistentIn;/berufe/2143-ReisebueroassistentIn/
ReiseleiterIn;/berufe/2781-ReiseleiterIn/
ReitlehrerIn;/berufe/2822-ReitlehrerIn/
Religionspädagoge/Religionspädagogin;/berufe/2319-Religionspaedagoge~Religionspaedagogin/
ReprografIn;/berufe/171-ReprografIn/
Requirements Engineer (m/w);/berufe/3693-Requirement-Engineer/
RequisiteurIn;/berufe/3243-RequisiteurIn/
ResilienztrainerIn;/berufe/3773-ResilienztrainerIn/
Restaurantfachmann/-frau;/berufe/172-Restaurantfachmann~Restaurantfachfrau/
RestaurantmanagerIn;/berufe/1875-RestaurantmanagerIn/
RestauratorIn;/berufe/3601-RestauratorIn/
RettungstaucherIn;/berufe/3626-RettungstaucherIn/
RevisionsassistentIn;/berufe/1758-RevisionsassistentIn/
RevisorIn;/berufe/2461-RevisorIn/
RezeptionistIn;/berufe/2782-RezeptionistIn/
RichterIn;/berufe/2512-RichterIn/
RisikomanagerIn - Corporate Risk Management;/berufe/2520-RisikomanagerIn-CorporateRiskManagement/
RobotiktechnikerIn;/berufe/3679-RobotiktechnikerIn/
Rohstoffgeologe/-geologin;/berufe/3099-Rohstoffgeologe~-geologin/
RohstoffingenieurIn;/berufe/3113-RohstoffingenieurIn/
RomanistIn;/berufe/2306-RomanistIn/
RöntgenassistentIn;/berufe/3327-RoentgenassistentIn/
SachbearbeiterIn;/berufe/1697-SachbearbeiterIn/
Sales Assistant (m/w);/berufe/2162-Sales-Assistent/
Sales ManagerIn;/berufe/2492-Sales-ManagerIn/
SängerIn;/berufe/2857-SaengerIn/
SanitäterIn;/berufe/2799-SanitaeterIn/
SAP-BeraterIn;/berufe/2688-SAP-BeraterIn/
SattlerIn;/berufe/3271-SattlerIn/
SaunawartIn;/berufe/3256-SaunawartIn/
SchadensreferentIn;/berufe/2174-SchadensreferentIn/
SchädlingsbekämpferIn;/berufe/179-SchaedlingsbekaempferIn/
SchalerIn;/berufe/3244-SchalerIn/
SchauspielerIn;/berufe/2856-SchauspielerIn/
SchiffselektronikerIn - Schwerpunkt Nachrichtentechnik;/berufe/2998-SchiffselektronikerIn-Schwerpunkt-Nachrichtentechnik/
SchiffsmaschinistIn;/berufe/3680-SchiffsmaschinistIn/
SchilehrerIn;/berufe/2823-SchilehrerIn/
SchlosserIn;/berufe/3672-SchlosserIn/
SchmiedetechnikerIn;/berufe/3675-SchmiedetechnikerIn/
SchmuckdesignerIn;/berufe/1893-SchmuckdesignerIn/
SchnittkonstrukteurIn;/berufe/2129-SchnittkonstrukteurIn/
SchuhfertigerIn;/berufe/240-SchuhfertigerIn/
SchuhmacherIn;/berufe/185-SchuhmacherIn/
SchuldnerberaterIn;/berufe/3259-SchuldnerberaterIn/
Schulpsychologe/Schulpsychologin;/berufe/3171-Schulpsychologe~Schulpsychologin/
SchulwartIn;/berufe/2883-SchulwartIn/
SchwarzdeckerIn;/berufe/2765-SchwarzdeckerIn/
SchweißerIn;/berufe/3673-SchweierIn/
SchwimmtrainerIn;/berufe/3245-SchwimmtrainerIn/
Script SupervisorIn;/berufe/3172-Script-SupervisorIn/
Security Agent (m/w);/berufe/3560-Security-Agent/
SegellehrerIn;/berufe/2824-SegellehrerIn/
SeilbahntechnikerIn;/berufe/3328-SeilbahntechnikerIn/
SeilerIn;/berufe/3333-SeilerIn/
SekretärIn;/berufe/2946-SekretaerIn/
SeniorenanimateurIn;/berufe/3247-SeniorenanimateurIn/
SensortechnikerIn;/berufe/2668-SensortechnikerIn/
SEO-/SEA-ManagerIn;/berufe/3706-SEO-SEA-ManagerIn/
ServicetechnikerIn;/berufe/2110-ServicetechnikerIn/
ServicetechnikerIn für Elektrotechnik;/berufe/3664-ServicetechnikerIn_fuer_Elektrotechnik/
ServicetechnikerIn für Telekommunikation;/berufe/3666-ServicetechnikerIn-fuer-Telekommunikation/
ServicetechnikerIn im Maschinen- und Anlagenbau;/berufe/1978-ServicetechnikerIn-Maschinenbau-Anlagenbau/
Servierkraft (m/w);/berufe/2783-Servierkraft/
Shiatsu-PraktikerIn;/berufe/2800-Shiatsu-PraktikerIn/
SicherheitsmanagerIn;/berufe/2586-SicherheitsmanagerIn/
SicherheitstechnikerIn;/berufe/2947-SicherheitstechnikerIn/
SignaltechnikerIn;/berufe/1815-SignaltechnikerIn/
Sinologe/Sinologin;/berufe/2307-Sinologe~Sinologin/
SkandinavistIn;/berufe/2308-SkandinavistIn/
SkibautechnikerIn;/berufe/3483-SkibautechnikerIn/
SlawistIn;/berufe/2309-SlawistIn/
SnowboardlehrerIn;/berufe/2825-SnowboardlehrerIn/
Social-Media-ManagerIn;/berufe/3701-Social-Media-ManagerIn/
Software-EntwicklerIn;/berufe/2068-Software-EntwicklerIn/
Software-EntwicklerIn - SCRUM;/berufe/3650-Software-EntwicklerIn-SCRUM/
Software-EntwicklerIn für Anwendungen;/berufe/2739-Software-EntwicklerIn-Anwendungen/
Software-LektorIn;/berufe/3174-Software-LektorIn/
Software-TesterIn;/berufe/1829-Software-TesterIn/
Softwarearchitect;/berufe/3356-Softwarearchitect/
SoftwarebetreuerIn;/berufe/3173-SoftwarebetreuerIn/
SolartechnikerIn;/berufe/3529-SolartechnikerIn/
Sommelier/Sommeliere;/berufe/3311-Sommelier~Sommelire/
SonnenschutztechnikerIn;/berufe/187-SonnenschutztechnikerIn/
Souffleur/Souffleuse;/berufe/3246-Souffleur~Souffleuse/
SounddesignerIn;/berufe/3777-SounddesignerIn/
SozialarbeiterIn;/berufe/2273-SozialarbeiterIn/
SozialarbeitswissenschafterIn;/berufe/2962-SozialarbeitswissenschafterIn/
SozialeR AlltagsbegleiterIn;/berufe/3552-SozialeRAlltagsbegleiterIn/
SozialforscherIn;/berufe/2280-SozialforscherIn/
SozialforscherIn - Empirische Sozialforschung;/berufe/2281-SozialforscherIn-Empirische-Sozialforschung/
SozialforscherIn - Evaluierungsforschung;/berufe/2282-SozialforscherIn-Evaluierungsforschung/
Sozialgerontologe/Sozialgerontologin;/berufe/2961-Sozialgerontologe~Sozialgerontologin/
SozialmanagerIn;/berufe/2480-SozialmanagerIn/
Sozialpädagoge/-pädagogin;/berufe/2260-Sozialpaedagoge~Sozialpaedagogin/
Sozialpsychologe/Sozialpsychologin;/berufe/3179-Sozialpsychologe~Sozialpsychologin/
SozialstatistikerIn;/berufe/2622-SozialstatistikerIn/
SozialwirtIn;/berufe/2481-SozialwirtIn/
Soziologe/Soziologin;/berufe/2285-Soziologe~Soziologin/
Speditionskaufmann/-frau;/berufe/188-Speditionskaufmann~Speditionskauffrau/
SpeditionslogistikerIn;/berufe/257-SpeditionslogistikerIn/
SpenglerIn;/berufe/189-SpenglerIn/
Spielpädagoge/Spielpädagogin;/berufe/3524-Spielpaedagoge-Spielpaedagogin/
SportadministratorIn;/berufe/2926-SportadministratorIn/
SportgerätebautechnikerIn;/berufe/1979-SportgeraetebautechnikerIn/
Sportgerätefachkraft (m/w);/berufe/3512-Sportgeraetefachkraft/
SportgerätetechnikerIn;/berufe/3006-SportgeraetetechnikerIn/
SportjournalistIn;/berufe/2959-SportjournalistIn/
SportmanagerIn;/berufe/3613-SportmanagerIn/
SportplatzwartIn;/berufe/3248-SportplatzwartIn/
SporttrainerIn;/berufe/3180-SporttrainerIn/
SporttrainerIn und -instruktorIn;/berufe/3312-SporttrainerIn-SportinstruktorIn/
SportwissenschafterIn;/berufe/2213-SportwissenschafterIn/
SportwissenschafterIn - Bewegung;/berufe/2214-SportwissenschafterIn-Bewegung/
SportwissenschafterIn - Leistungssport;/berufe/2216-SportwissenschafterIn-Leistungssport/
SportwissenschafterIn - Trainingswissenschaft;/berufe/2217-SportwissenschafterIn-Trainingswissenschaft/
Sprach- und KulturwissenschafterIn;/berufe/2296-SprachwissenschafterIn-KulturwissenschafterIn/
SprachlehrerIn;/berufe/2948-SprachlehrerIn/
SprachwissenschafterIn, LinguistIn;/berufe/2315-SprachwissenschafterIn-LinguistIn/
SprengbefugteR;/berufe/2766-SprengbefugteR/
SPS-ProgrammiererIn;/berufe/3669-SPS-ProgrammiererIn/
Staatsanwalt/Staatsanwältin;/berufe/2516-Staatsanwalt~Staatsanwaeltin/
Stadt- und RegionalmanagerIn;/berufe/3847-Stadt-undRegionalmanagerIn/
StadtplanerIn;/berufe/3848-StadtplanerIn/
StallarbeiterIn;/berufe/3813-StallarbeiterIn/
Standesbeamter/-beamtin;/berufe/2772-Standesbeamter_beamtin/
StaplerfahrerIn;/berufe/2811-StaplerfahrerIn/
StatistikerIn;/berufe/2616-StatistikerIn/
StatistikerIn - Naturwissenschaftlich-Technische Statistik;/berufe/2620-StatistikerIn-Naturwissenschaftlich-Technische-Statistik/
StatistIn;/berufe/2858-StatistIn/
SteinmetzIn;/berufe/190-SteinmetzIn/
SteinmetztechnikerIn;/berufe/3497-SteinmetztechnikerIn/
StellwerksmitarbeiterIn;/berufe/2911-StellwerksmitarbeiterIn/
SteuerassistentIn;/berufe/3275-SteuerassistentIn/
SteuerberaterIn;/berufe/2456-SteuerberaterIn/
Steuerungs- und RegelungstechnikerIn;/berufe/2670-SteuerungstechnikerIn-RegelungstechnikerIn/
Storyliner (m/w);/berufe/3181-Storyliner/
StrahlenschutzbeauftragteR;/berufe/3865-StrahlenschutzbeauftragteR/
Straßenaufsichtsorgan (m/w);/berufe/2937-ParkraumueberwacherIn/
StraßenbahnfahrerIn;/berufe/3692-StrassenbahnfahrerIn/
StraßenbauarbeiterIn;/berufe/2767-StrassenbauarbeiterIn/
Straßenerhaltungsfachmann/-frau;/berufe/194-Strassenerhaltungsfachmann~Strassenerhaltungsfachfrau/
StraßenreinigerIn;/berufe/2884-StrassenreinigerIn/
Streich- und SaiteninstrumentenbauerIn;/berufe/195-StreichinstrumentenbauerIn-SaiteninstrumentenbauerIn/
Stubenmädchen/-bursch;/berufe/2784-Stubenmaedchen~Stubenbursch/
StuckateurIn und TrockenausbauerIn;/berufe/3592-StuckateurIn-TrockenausbauerIn/
StudiotechnikerIn;/berufe/3661-StudiotechnikerIn/
Stuntman/-woman;/berufe/2826-Stuntman~Stuntwoman/
SuchtberaterIn;/berufe/3184-SuchtberaterIn/
Suchtpsychologe/Suchtpsychologin;/berufe/3185-Suchtpsychologe~Suchtpsychologin/
SüdasienwissenschafterIn;/berufe/3186-SuedasienwissenschafterIn/
SupervisorIn;/berufe/2272-SupervisorIn/
Supply-Chain ManagerIn;/berufe/2513-Supply-Chain-ManagerIn/
Supply-Chain-ManagerIn;/berufe/3547-Supply-Chain-ManagerIn/
Support-ManagerIn;/berufe/3187-Support-ManagerIn/
SurflehrerIn;/berufe/2827-SurflehrerIn/
SynchronsprecherIn;/berufe/3704-SynchronsprecherIn/
System- und InformationstechnikerIn;/berufe/1916-SystemtechnikerIn-InformationstechnikerIn-IT/
SystemanalytikerIn;/berufe/2684-SystemanalytikerIn/
SystembetreuerIn;/berufe/3188-SystembetreuerIn/
SystementwicklerIn;/berufe/2735-SystementwicklerIn/
Systemgastronomiefachmann/-frau;/berufe/198-Systemgastronomiefachmann~Systemgastronomiefachfrau/
SystemprogrammiererIn;/berufe/2737-SystemprogrammiererIn/
Systemsoftware-EntwicklerIn;/berufe/1828-SystementwicklerIn/
SystemtechnikerIn;/berufe/3189-SystemtechnikerIn/
SystemtheoretikerIn;/berufe/2444-SystemtheoretikerIn/
Tagesmutter/Tagesvater;/berufe/2872-Tagesmutter~Tagesvater/
TankwartIn;/berufe/2812-TankwartIn/
TänzerIn;/berufe/2950-TaenzerIn/
TanzlehrerIn;/berufe/2828-TanzlehrerIn/
Tanzpädagoge/Tanzpädagogin;/berufe/2967-Tanzpaedagoge~Tanzpaedagogin/
TapeziererIn und DekorateurIn;/berufe/199-TapeziererIn-DekorateurIn/
TatortreinigerIn;/berufe/3781-TatortreinigerIn/
TätowiererIn und PiercerIn;/berufe/2829-TaetowiererIn-und-PiercerIn/
TauchlehrerIn;/berufe/2830-TauchlehrerIn/
Tax ManagerIn;/berufe/3352-Tax-ManagerIn/
TaxifahrerIn;/berufe/2912-TaxifahrerIn/
TeamassistentIn;/berufe/1698-TeamassistentIn/
Technik Consultant (m/w);/berufe/2592-Technik-Consultant/
Technisch(er/e) ZeichnerIn;/berufe/200-TechnischeR-ZeichnerIn/
TechnischeR EinkäuferIn;/berufe/2163-TechnischeR_EinkaeuferIn/
TechnischeR HauswartIn;/berufe/2876-TechnischeR-HauswartIn/
TechnischeR KontrollorIn;/berufe/2587-TechnischeR-KontrollorIn/
TechnischeR RedakteurIn;/berufe/3191-TechnischeR-RedakteurIn/
TechnischeR SachbearbeiterIn;/berufe/3816-TechnischeR_SachbearbeiterIn/
TelekommunikationsmanagerIn;/berufe/3192-TelekommunikationsmanagerIn/
TelekommunikationstechnikerIn;/berufe/2691-TelekommunikationstechnikerIn/
TelekommunikationstechnikerIn - Configuration-Management;/berufe/2693-TelekommunikationstechnikerIn-Configuration-Management/
TelekommunikationstechnikerIn - Fault-Management;/berufe/2694-TelekommunikationstechnikerIn-Fault-Management/
TelekommunikationstechnikerIn - Netzplanung;/berufe/2692-TelekommunikationstechnikerIn-Netzplanung/
TelematikerIn;/berufe/2690-TelematikerIn/
TennislehrerIn;/berufe/2831-TennislehrerIn/
Terminal Guide (m/w);/berufe/3561-Terminal-Guide/
TextilchemikerIn;/berufe/2131-TextilchemikerIn/
TextildesignerIn;/berufe/2342-TextildesignerIn/
TextilgestalterIn - Schwerpunkt Posamentiererei;/berufe/3377-TextilgestalterIn-Schwerpunkt_Posamentiererei/
TextilgestalterIn - Schwerpunkt Stickerei;/berufe/3378-TextilgestalterIn-Schwerpunkt_Stickerei/
TextilgestalterIn - Schwerpunkt Strickwaren;/berufe/3379-TextilgestalterIn-Schwerpunkt_Strickwaren/
TextilgestalterIn - Schwerpunkt Weberei;/berufe/3380-TextilgestalterIn-Schwerpunkt_Weberei/
Textilkaufmann/-frau;/berufe/2132-Textilkaufmann~Textilkauffrau/
TextilreinigerIn;/berufe/203-TextilreinigerIn/
TextiltechnikerIn;/berufe/2133-TextiltechnikerIn/
Textiltechnolog(e)in;/berufe/3331-Textiltechnologe~Textiltechnologin/
TheaterwissenschafterIn;/berufe/2238-TheaterwissenschafterIn/
Theologe/Theologin;/berufe/2317-Theologe~Theologin/
Theoretischer Physiker/Theoretische Physikerin;/berufe/3008-TheoretischeR-PhysikerIn/
Third Level Supporter (m/w);/berufe/3655-Third-Level-Supporter-%28m-w%29/
Tibetologe/Tibetologin ;/berufe/2310-Tibetologe~Tibetologin-Tibetologie-und-Buddhismuskunde/
Ticketing Agent (m/w);/berufe/3610-Ticketing_Agent/
TiefbauerIn;/berufe/207-TiefbauerIn/
TiefbauspezialistIn - Schwerpunkt Baumaschinenbetrieb;/berufe/3519-TiefbauspezialistIn-Schwerpunkt_Baumaschinenbetrieb/
TiefbauspezialistIn - Schwerpunkt Siedlungswasserbau;/berufe/3520-TiefbauspezialistIn-Schwerpunkt_Siedlungswasserbau/
TiefbauspezialistIn - Schwerpunkt Tunnelbautechnik;/berufe/3764-TiefbauspezialistIn-Schwerpunkt_Tunnelbautechnik/
TiefbauspezialistIn - Schwerpunkt Verkehrswegebau;/berufe/3521-TiefbauspezialistIn-Schwerpunkt_Verkehrswegebau/
TiefbautechnikerIn;/berufe/2544-TiefbautechnikerIn/
Tierarzt/-ärztin;/berufe/2482-Tierarzt~Tieraerztin/
Tierarzt/-ärztin für Tiermedizinische Forschung;/berufe/2484-Tierarzt~Tieraerztin_fuer_Tiermedizinische-Forschung/
Tierarzt/-ärztin für Veterinärverwaltung;/berufe/2485-Tierarzt~Tieraerztin_fuer_Veterinaerverwaltung/
Tierärztlich(er/e) OrdinationsassistentIn;/berufe/3498-TieraerztlicheR_OrdinationsassistentIn/
TierhändlerIn;/berufe/3251-TierhaendlerIn/
TierpflegerIn;/berufe/209-TierpflegerIn/
TiertrainerIn;/berufe/3554-TiertrainerIn/
TischlereitechnikerIn - Schwerpunkt Modell- und Formenbau;/berufe/3803-TischlereitechnikerIn_-_Schwerpunkt_Modell-_und_Formenbau/
TischlereitechnikerIn - Schwerpunkt Planung;/berufe/3472-TischlereitechnikerIn_-_Schwerpunkt_Planung/
TischlereitechnikerIn - Schwerpunkt Produktion;/berufe/3473-TischlereitechnikerIn-Schwerpunkt_Produktion/
TischlerIn - Schwerpunkt Allgemeine Tischlerei;/berufe/3800-TischlerIn_-_Schwerpunkt_Allgemeine_Tischlerei/
TischlerIn - Schwerpunkt Drechslerei;/berufe/3801-TischlerIn_-_Schwerpunkt_Drechslerei/
Tissue Engineer (m/w);/berufe/3194-Tissue-Engineer/
ToncutterIn;/berufe/3195-ToncutterIn/
ToningenieurIn;/berufe/2679-TontechnikerIn_TonmeisterIn/
TonmeisterIn;/berufe/3196-TonmeisterIn/
TontechnikerIn;/berufe/1838-TontechnikerIn/
TourismusberaterIn;/berufe/2958-TourismusberaterIn/
Tourismuskaufmann/-frau;/berufe/2145-Tourismuskaufmann-frau/
TourismusmanagerIn;/berufe/2219-TourismusmanagerIn/
Toxikologe/Toxikologin;/berufe/2476-Toxikologe~Toxikologin/
TrafikantIn;/berufe/3252-TrafikantIn/
Trailer-ProducerIn;/berufe/3197-Trailer-ProducerIn/
TrainerIn in der Erwachsenenbildung;/berufe/2873-TrainerIn-in-der-Erwachsenenbildung/
TrainingstherapeutIn;/berufe/3746-TrainingstherapeutIn/
TransportarbeiterIn;/berufe/2913-TransportarbeiterIn/
TransportbetontechnikerIn;/berufe/3038-TransportbetontechnikerIn/
TransportmanagerIn;/berufe/2514-TransportmanagerIn/
TransportsachbearbeiterIn;/berufe/1957-TransportsachbearbeiterIn/
Treasury ManagerIn;/berufe/3198-Treasury-ManagerIn/
Trendscout (m/w);/berufe/3199-Trendscout/
TriebfahrzeugführerIn;/berufe/2914-TriebfahrzeugfuehrerIn/
Turkologe/Turkologin;/berufe/2311-Turkologe~Turkologin/
TürsteherIn;/berufe/3253-TuersteherIn/
U-Bahn-FahrerIn;/berufe/3691-U-Bahn-FahrerIn/
ÜbersetzerIn;/berufe/2289-UebersetzerIn/
ÜbersetzerIn/DolmetscherIn im EU-Sprachdienst;/berufe/2290-UebersetzerIn-und-DolmetscherIn-bei-der-EU_Sonderlaufbahn-Sprachendienst-LA/
UhrmacherIn - ZeitmesstechnikerIn;/berufe/3330-UhrmacherIn-ZeitmesstechnikerIn/
Umwelt- und AbfallberaterIn;/berufe/2923-UmweltberaterIn-AbfallberaterIn/
UmweltanalytikerIn;/berufe/3202-UmweltchemikerIn/
UmweltbautechnikerIn;/berufe/3201-UmweltbautechnikerIn/
UmweltbeauftragteR;/berufe/3867-UmweltbeauftragteR/
UmweltberaterIn;/berufe/3155-UmweltberaterIn/
UmweltchemikerIn;/berufe/1745-UmweltchemikerIn/
WerkstoffprüferIn;/berufe/2200-Werkstoffprueferin/
WerkstofftechnikerIn;/berufe/2661-WerkstofftechnikerIn/
WerkstofftechnikerIn - Hauptmodul Werkstoffprüfung;/berufe/3477-WerkstofftechnikerIn-Hauptmodul_Werkstoffpruefung/
WerkstofftechnikerIn für biobasierte Materialien;/berufe/3836-WerkstofftechnikerIn_fuer_biobasierte_Materialien/
WerkstofftechnikerIn für Keramik;/berufe/2730-WerkstofftechnikerIn_fuer_Keramik/
WerkzeugbautechnikerIn;/berufe/3674-WerkzeugbautechnikerIn/
WindenergietechnikerIn;/berufe/3659-WindenergietechnikerIn/
WinzerIn;/berufe/1948-WinzerIn/
WirtschafterIn in Gastronomie und Hotellerie;/berufe/1877-WirtschafterIn-Gastronomie-Hotellerie/
WirtschaftsinformatikerIn;/berufe/3658-WirtschaftsinformatikerIn/
WirtschaftsingenieurIn;/berufe/2115-WirtschaftsingenieurIn/
WirtschaftsingenieurIn für Bauwesen;/berufe/2589-WirtschaftsingenieurIn_fr_Bauwesen/
WirtschaftsingenieurIn für Elektrotechnik und Elektronik;/berufe/3636-WirtschaftsingenieurInfuerElektrotechnikundElektronik/
WirtschaftsingenieurIn für Informationstechnik;/berufe/3634-WirtschaftsingenieurIn_fuer_Computer_und_Informationstechnologie/
WirtschaftsingenieurIn für Logistik;/berufe/3694-WirtschaftsingenieurIn-Logistik/
WirtschaftsingenieurIn für Maschinenbau und Fertigungstechnik;/berufe/2590-WirtschaftsingenieurIn-Maschinenbau/
WirtschaftsingenieurIn für Umwelt;/berufe/3637-WirtschaftsingenieurInfuerUmwelt/
WirtschaftsjuristIn im Bankbereich;/berufe/2575-WirtschaftsjuristIn-Bankbereich/
WirtschaftsmathematikerIn;/berufe/2635-WirtschaftsmathematikerIn-Operations-Research/
Wirtschaftspädagoge/-pädagogin;/berufe/3213-Wirtschaftspaedagoge~Wirtschaftspaedagogin/
WirtschaftsprüferIn ;/berufe/2457-WirtschaftsprueferIn-SteuerberaterIn/
WirtschaftsstatistikerIn;/berufe/2625-WirtschaftsstatistikerIn/
WirtschaftswissenschafterIn;/berufe/2751-WirtschaftswissenschafterIn/
WissenschaftlicheR bzw. künstlerischeR MitarbeiterIn;/berufe/2440-WissenschaftlicheR-MitarbeiterIn_KuenstlerischeR-MitarbeiterIn/
WissenschaftsforscherIn;/berufe/2251-WissenschaftsforscherIn/
WissenschaftsjournalistIn;/berufe/2246-WissenschaftsjournalistIn/
WissensmanagerIn;/berufe/3351-WissensmanagerIn/
Yoga-LehrerIn;/berufe/3313-Yoga-LehrerIn/
YouTuber (m/w);/berufe/3791-Youtuber/
Zahnarzt/-ärztin;/berufe/2428-Zahnarzt~Zahnaerztin/
ZahnarztassistentIn;/berufe/2802-ZahnaerztlicheR-AssistentIn/
Zahnärztlich(er/e) FachassistentIn;/berufe/3037-ZahnaerztlicheR-FachassistentIn/
ZahntechnikerIn;/berufe/230-ZahntechnikerIn/
Zahntechnisch(er/e) FachassistentIn;/berufe/3499-ZahntechischeR_FachassistentIn/
ZeitungszustellerIn;/berufe/3264-ZeitungszustellerIn/
Zellbiologe/Zellbiologin;/berufe/3295-Zellbiologe~Zellbiologin/
ZerspanungstechnikerIn;/berufe/3671-ZerspanungstechnikerIn/
ZierpflanzengärtnerIn;/berufe/1862-ZierpflanzengaertnerIn/
ZimmereitechnikerIn;/berufe/3381-ZimmereitechnikerIn/
Zimmerer/Zimmerin;/berufe/232-Zimmerer~Zimmerin/
ZiviltechnikerIn - Architektur;/berufe/2578-ZiviltechnikerIn-Architektur/
ZiviltechnikerIn - IngenieurkonsulentIn;/berufe/2576-ZiviltechnikerIn-IngenieurkonsulentIn/
ZolldeklarantIn;/berufe/1959-ZolldeklarantIn/
Zollwachebeamter/-beamtin;/berufe/3549-Zollwachebeamter~Zollwachebeamtin/
Zoologe/Zoologin;/berufe/2599-ZoologIn/
ZugbegleiterIn;/berufe/2917-ZugbegleiterIn/
